Contest,Candidate Issue,Party,Precinct Name,Provisional Votes,Mail Votes,Early Votes,Election Day Votes,Total Votes,% of Total Votes
President and Vice President,Trump and Vance,REP,Precinct 1,-,-,-,-,1341,90.30
President and Vice President,Trump and Vance,REP,Precinct 10,0,120,453,264,837,86.74
President and Vice President,Trump and Vance,REP,Precinct 11,-,-,-,-,820,81.03
President and Vice President,Trump and Vance,REP,Precinct 12,0,200,583,543,1326,76.08
President and Vice President,Trump and Vance,REP,Precinct 13,0,58,186,292,536,81.96
President and Vice President,Trump and Vance,REP,Precinct 2,-,-,-,-,239,48.78
President and Vice President,Trump and Vance,REP,Precinct 3,0,132,744,437,1313,90.61
President and Vice President,Trump and Vance,REP,Precinct 4,0,34,126,78,238,42.88
President and Vice President,Trump and Vance,REP,Precinct 5,-,-,-,-,1011,88.68
President and Vice President,Trump and Vance,REP,Precinct 6,-,-,-,-,505,49.66
President and Vice President,Trump and Vance,REP,Precinct 7,-,-,-,-,1008,72.05
President and Vice President,Trump and Vance,REP,Precinct 8,-,-,-,-,741,82.79
President and Vice President,Trump and Vance,REP,Precinct 9,-,-,-,-,1005,87.54
President and Vice President,Harris and Walz,DEM,Precinct 1,0,31,70,36,137,9.23
President and Vice President,Harris and Walz,DEM,Precinct 10,-,-,-,-,124,12.85
President and Vice President,Harris and Walz,DEM,Precinct 11,0,44,69,66,179,17.69
President and Vice President,Harris and Walz,DEM,Precinct 12,0,124,130,151,405,23.24
President and Vice President,Harris and Walz,DEM,Precinct 13,-,-,-,-,113,17.28
President and Vice President,Harris and Walz,DEM,Precinct 2,0,36,116,97,249,50.82
President and Vice President,Harris and Walz,DEM,Precinct 3,0,37,53,42,132,9.11
President and Vice President,Harris and Walz,DEM,Precinct 4,0,52,122,140,314,56.58
President and Vice President,Harris and Walz,DEM,Precinct 5,0,35,59,32,126,11.05
President and Vice President,Harris and Walz,DEM,Precinct 6,-,-,-,-,505,49.66
President and Vice President,Harris and Walz,DEM,Precinct 7,-,-,-,-,375,26.80
President and Vice President,Harris and Walz,DEM,Precinct 8,-,-,-,-,147,16.42
President and Vice President,Harris and Walz,DEM,Precinct 9,-,-,-,-,140,12.20
President and Vice President,Oliver and ter Maat,LPF,Precinct 1,-,-,-,-,1,0.07
President and Vice President,Oliver and ter Maat,LPF,Precinct 10,-,-,-,-,1,0.10
President and Vice President,Oliver and ter Maat,LPF,Precinct 11,-,-,-,-,8,0.79
President and Vice President,Oliver and ter Maat,LPF,Precinct 12,-,-,-,-,2,0.11
President and Vice President,Oliver and ter Maat,LPF,Precinct 13,-,-,-,-,1,0.15
President and Vice President,Oliver and ter Maat,LPF,Precinct 2,-,-,-,-,1,0.20
President and Vice President,Oliver and ter Maat,LPF,Precinct 3,-,-,-,-,1,0.07
President and Vice President,Oliver and ter Maat,LPF,Precinct 4,-,-,-,-,2,0.36
President and Vice President,Oliver and ter Maat,LPF,Precinct 5,-,-,-,-,1,0.09
President and Vice President,Oliver and ter Maat,LPF,Precinct 6,-,-,-,-,1,0.10
President and Vice President,Oliver and ter Maat,LPF,Precinct 7,-,-,-,-,5,0.36
President and Vice President,Oliver and ter Maat,LPF,Precinct 8,-,-,-,-,2,0.22
President and Vice President,Oliver and ter Maat,LPF,Precinct 9,-,-,-,-,1,0.09
President and Vice President,De la Cruz and Garcia,PSL,Precinct 1,-,-,-,-,3,0.20
President and Vice President,De la Cruz and Garcia,PSL,Precinct 10,-,-,-,-,2,0.21
President and Vice President,De la Cruz and Garcia,PSL,Precinct 11,0,0,0,0,0,0.00
President and Vice President,De la Cruz and Garcia,PSL,Precinct 12,0,0,0,0,0,0.00
President and Vice President,De la Cruz and Garcia,PSL,Precinct 13,0,0,0,0,0,0.00
President and Vice President,De la Cruz and Garcia,PSL,Precinct 2,-,-,-,-,1,0.20
President and Vice President,De la Cruz and Garcia,PSL,Precinct 3,-,-,-,-,1,0.07
President and Vice President,De la Cruz and Garcia,PSL,Precinct 4,0,0,0,0,0,0.00
President and Vice President,De la Cruz and Garcia,PSL,Precinct 5,-,-,-,-,1,0.09
President and Vice President,De la Cruz and Garcia,PSL,Precinct 6,0,0,0,0,0,0.00
President and Vice President,De la Cruz and Garcia,PSL,Precinct 7,0,0,0,0,0,0.00
President and Vice President,De la Cruz and Garcia,PSL,Precinct 8,0,0,0,0,0,0.00
President and Vice President,De la Cruz and Garcia,PSL,Precinct 9,0,0,0,0,0,0.00
President and Vice President,Terry and Broden,CPF,Precinct 1,0,0,0,0,0,0.00
President and Vice President,Terry and Broden,CPF,Precinct 10,0,0,0,0,0,0.00
President and Vice President,Terry and Broden,CPF,Precinct 11,0,0,0,0,0,0.00
President and Vice President,Terry and Broden,CPF,Precinct 12,0,0,0,0,0,0.00
President and Vice President,Terry and Broden,CPF,Precinct 13,0,0,0,0,0,0.00
President and Vice President,Terry and Broden,CPF,Precinct 2,0,0,0,0,0,0.00
President and Vice President,Terry and Broden,CPF,Precinct 3,0,0,0,0,0,0.00
President and Vice President,Terry and Broden,CPF,Precinct 4,0,0,0,0,0,0.00
President and Vice President,Terry and Broden,CPF,Precinct 5,-,-,-,-,1,0.09
President and Vice President,Terry and Broden,CPF,Precinct 6,-,-,-,-,4,0.39
President and Vice President,Terry and Broden,CPF,Precinct 7,-,-,-,-,4,0.29
President and Vice President,Terry and Broden,CPF,Precinct 8,-,-,-,-,1,0.11
President and Vice President,Terry and Broden,CPF,Precinct 9,0,0,0,0,0,0.00
President and Vice President,Sonski and Onak,ASP,Precinct 1,0,0,0,0,0,0.00
President and Vice President,Sonski and Onak,ASP,Precinct 10,0,0,0,0,0,0.00
President and Vice President,Sonski and Onak,ASP,Precinct 11,0,0,0,0,0,0.00
President and Vice President,Sonski and Onak,ASP,Precinct 12,-,-,-,-,2,0.11
President and Vice President,Sonski and Onak,ASP,Precinct 13,-,-,-,-,1,0.15
President and Vice President,Sonski and Onak,ASP,Precinct 2,0,0,0,0,0,0.00
President and Vice President,Sonski and Onak,ASP,Precinct 3,0,0,0,0,0,0.00
President and Vice President,Sonski and Onak,ASP,Precinct 4,0,0,0,0,0,0.00
President and Vice President,Sonski and Onak,ASP,Precinct 5,0,0,0,0,0,0.00
President and Vice President,Sonski and Onak,ASP,Precinct 6,0,0,0,0,0,0.00
President and Vice President,Sonski and Onak,ASP,Precinct 7,-,-,-,-,2,0.14
President and Vice President,Sonski and Onak,ASP,Precinct 8,0,0,0,0,0,0.00
President and Vice President,Sonski and Onak,ASP,Precinct 9,0,0,0,0,0,0.00
President and Vice President,Stein and Ware,GRE,Precinct 1,0,0,0,0,0,0.00
President and Vice President,Stein and Ware,GRE,Precinct 10,-,-,-,-,1,0.10
President and Vice President,Stein and Ware,GRE,Precinct 11,-,-,-,-,3,0.30
President and Vice President,Stein and Ware,GRE,Precinct 12,-,-,-,-,4,0.23
President and Vice President,Stein and Ware,GRE,Precinct 13,-,-,-,-,1,0.15
President and Vice President,Stein and Ware,GRE,Precinct 2,0,0,0,0,0,0.00
President and Vice President,Stein and Ware,GRE,Precinct 3,-,-,-,-,2,0.14
President and Vice President,Stein and Ware,GRE,Precinct 4,0,0,0,0,0,0.00
President and Vice President,Stein and Ware,GRE,Precinct 5,0,0,0,0,0,0.00
President and Vice President,Stein and Ware,GRE,Precinct 6,-,-,-,-,1,0.10
President and Vice President,Stein and Ware,GRE,Precinct 7,-,-,-,-,1,0.07
President and Vice President,Stein and Ware,GRE,Precinct 8,-,-,-,-,2,0.22
President and Vice President,Stein and Ware,GRE,Precinct 9,-,-,-,-,1,0.09
President and Vice President,WRITE-IN,NON,Precinct 1,-,-,-,-,3,0.20
President and Vice President,WRITE-IN,NON,Precinct 10,0,0,0,0,0,0.00
President and Vice President,WRITE-IN,NON,Precinct 11,-,-,-,-,2,0.20
President and Vice President,WRITE-IN,NON,Precinct 12,-,-,-,-,4,0.23
President and Vice President,WRITE-IN,NON,Precinct 13,-,-,-,-,2,0.31
President and Vice President,WRITE-IN,NON,Precinct 2,0,0,0,0,0,0.00
President and Vice President,WRITE-IN,NON,Precinct 3,0,0,0,0,0,0.00
President and Vice President,WRITE-IN,NON,Precinct 4,-,-,-,-,1,0.18
President and Vice President,WRITE-IN,NON,Precinct 5,0,0,0,0,0,0.00
President and Vice President,WRITE-IN,NON,Precinct 6,-,-,-,-,1,0.10
President and Vice President,WRITE-IN,NON,Precinct 7,-,-,-,-,4,0.29
President and Vice President,WRITE-IN,NON,Precinct 8,-,-,-,-,2,0.22
President and Vice President,WRITE-IN,NON,Precinct 9,-,-,-,-,1,0.09
United States Senator,Rick Scott,REP,Precinct 1,-,-,-,-,1251,86.57
United States Senator,Rick Scott,REP,Precinct 10,-,-,-,-,801,84.85
United States Senator,Rick Scott,REP,Precinct 11,-,-,-,-,768,77.81
United States Senator,Rick Scott,REP,Precinct 12,0,205,562,520,1287,74.57
United States Senator,Rick Scott,REP,Precinct 13,0,57,184,275,516,80.00
United States Senator,Rick Scott,REP,Precinct 2,-,-,-,-,233,49.26
United States Senator,Rick Scott,REP,Precinct 3,0,125,698,402,1225,86.94
United States Senator,Rick Scott,REP,Precinct 4,0,33,125,71,229,42.80
United States Senator,Rick Scott,REP,Precinct 5,-,-,-,-,957,85.37
United States Senator,Rick Scott,REP,Precinct 6,0,80,277,129,486,49.34
United States Senator,Rick Scott,REP,Precinct 7,-,-,-,-,957,69.96
United States Senator,Rick Scott,REP,Precinct 8,-,-,-,-,713,80.93
United States Senator,Rick Scott,REP,Precinct 9,-,-,-,-,940,84.76
United States Senator,Debbie Mucarsel-Powell,DEM,Precinct 1,0,33,89,40,162,11.21
United States Senator,Debbie Mucarsel-Powell,DEM,Precinct 10,0,32,48,48,128,13.56
United States Senator,Debbie Mucarsel-Powell,DEM,Precinct 11,0,49,79,76,204,20.67
United States Senator,Debbie Mucarsel-Powell,DEM,Precinct 12,0,114,134,154,402,23.29
United States Senator,Debbie Mucarsel-Powell,DEM,Precinct 13,-,-,-,-,114,17.67
United States Senator,Debbie Mucarsel-Powell,DEM,Precinct 2,0,38,104,89,231,48.84
United States Senator,Debbie Mucarsel-Powell,DEM,Precinct 3,0,40,66,57,163,11.57
United States Senator,Debbie Mucarsel-Powell,DEM,Precinct 4,0,53,113,131,297,55.51
United States Senator,Debbie Mucarsel-Powell,DEM,Precinct 5,0,38,72,32,142,12.67
United States Senator,Debbie Mucarsel-Powell,DEM,Precinct 6,-,-,-,-,482,48.93
United States Senator,Debbie Mucarsel-Powell,DEM,Precinct 7,-,-,-,-,378,27.63
United States Senator,Debbie Mucarsel-Powell,DEM,Precinct 8,0,32,66,57,155,17.59
United States Senator,Debbie Mucarsel-Powell,DEM,Precinct 9,-,-,-,-,147,13.26
United States Senator,Feena Bonoan,LPF,Precinct 1,-,-,-,-,8,0.55
United States Senator,Feena Bonoan,LPF,Precinct 10,-,-,-,-,1,0.11
United States Senator,Feena Bonoan,LPF,Precinct 11,-,-,-,-,2,0.20
United States Senator,Feena Bonoan,LPF,Precinct 12,-,-,-,-,11,0.64
United States Senator,Feena Bonoan,LPF,Precinct 13,-,-,-,-,1,0.16
United States Senator,Feena Bonoan,LPF,Precinct 2,-,-,-,-,1,0.21
United States Senator,Feena Bonoan,LPF,Precinct 3,-,-,-,-,5,0.35
United States Senator,Feena Bonoan,LPF,Precinct 4,-,-,-,-,3,0.56
United States Senator,Feena Bonoan,LPF,Precinct 5,-,-,-,-,4,0.36
United States Senator,Feena Bonoan,LPF,Precinct 6,-,-,-,-,6,0.61
United States Senator,Feena Bonoan,LPF,Precinct 7,-,-,-,-,7,0.51
United States Senator,Feena Bonoan,LPF,Precinct 8,-,-,-,-,4,0.45
United States Senator,Feena Bonoan,LPF,Precinct 9,-,-,-,-,10,0.90
United States Senator,Tuan TQ Nguyen,NPA,Precinct 1,-,-,-,-,7,0.48
United States Senator,Tuan TQ Nguyen,NPA,Precinct 10,-,-,-,-,1,0.11
United States Senator,Tuan TQ Nguyen,NPA,Precinct 11,-,-,-,-,3,0.30
United States Senator,Tuan TQ Nguyen,NPA,Precinct 12,-,-,-,-,10,0.58
United States Senator,Tuan TQ Nguyen,NPA,Precinct 13,-,-,-,-,4,0.62
United States Senator,Tuan TQ Nguyen,NPA,Precinct 2,-,-,-,-,2,0.42
United States Senator,Tuan TQ Nguyen,NPA,Precinct 3,-,-,-,-,5,0.35
United States Senator,Tuan TQ Nguyen,NPA,Precinct 4,-,-,-,-,1,0.19
United States Senator,Tuan TQ Nguyen,NPA,Precinct 5,-,-,-,-,3,0.27
United States Senator,Tuan TQ Nguyen,NPA,Precinct 6,-,-,-,-,5,0.51
United States Senator,Tuan TQ Nguyen,NPA,Precinct 7,-,-,-,-,9,0.66
United States Senator,Tuan TQ Nguyen,NPA,Precinct 8,-,-,-,-,5,0.57
United States Senator,Tuan TQ Nguyen,NPA,Precinct 9,-,-,-,-,5,0.45
United States Senator,Ben Everidge,NPA,Precinct 1,-,-,-,-,16,1.11
United States Senator,Ben Everidge,NPA,Precinct 10,-,-,-,-,12,1.27
United States Senator,Ben Everidge,NPA,Precinct 11,-,-,-,-,10,1.01
United States Senator,Ben Everidge,NPA,Precinct 12,-,-,-,-,15,0.87
United States Senator,Ben Everidge,NPA,Precinct 13,-,-,-,-,10,1.55
United States Senator,Ben Everidge,NPA,Precinct 2,-,-,-,-,6,1.27
United States Senator,Ben Everidge,NPA,Precinct 3,-,-,-,-,10,0.71
United States Senator,Ben Everidge,NPA,Precinct 4,-,-,-,-,5,0.93
United States Senator,Ben Everidge,NPA,Precinct 5,-,-,-,-,12,1.07
United States Senator,Ben Everidge,NPA,Precinct 6,-,-,-,-,5,0.51
United States Senator,Ben Everidge,NPA,Precinct 7,-,-,-,-,16,1.17
United States Senator,Ben Everidge,NPA,Precinct 8,-,-,-,-,4,0.45
United States Senator,Ben Everidge,NPA,Precinct 9,-,-,-,-,5,0.45
United States Senator,WRITE-IN,NON,Precinct 1,-,-,-,-,1,0.07
United States Senator,WRITE-IN,NON,Precinct 10,-,-,-,-,1,0.11
United States Senator,WRITE-IN,NON,Precinct 11,0,0,0,0,0,0.00
United States Senator,WRITE-IN,NON,Precinct 12,-,-,-,-,1,0.06
United States Senator,WRITE-IN,NON,Precinct 13,0,0,0,0,0,0.00
United States Senator,WRITE-IN,NON,Precinct 2,0,0,0,0,0,0.00
United States Senator,WRITE-IN,NON,Precinct 3,-,-,-,-,1,0.07
United States Senator,WRITE-IN,NON,Precinct 4,0,0,0,0,0,0.00
United States Senator,WRITE-IN,NON,Precinct 5,-,-,-,-,3,0.27
United States Senator,WRITE-IN,NON,Precinct 6,-,-,-,-,1,0.10
United States Senator,WRITE-IN,NON,Precinct 7,-,-,-,-,1,0.07
United States Senator,WRITE-IN,NON,Precinct 8,0,0,0,0,0,0.00
United States Senator,WRITE-IN,NON,Precinct 9,-,-,-,-,2,0.18
Representative in Congress,Kat Cammack,REP,Precinct 1,-,-,-,-,1304,90.06
Representative in Congress,Kat Cammack,REP,Precinct 10,0,118,441,260,819,86.67
Representative in Congress,Kat Cammack,REP,Precinct 11,-,-,-,-,785,81.10
Representative in Congress,Kat Cammack,REP,Precinct 12,0,214,584,540,1338,78.29
Representative in Congress,Kat Cammack,REP,Precinct 13,0,59,184,283,526,82.57
Representative in Congress,Kat Cammack,REP,Precinct 2,-,-,-,-,242,51.82
Representative in Congress,Kat Cammack,REP,Precinct 3,0,137,716,415,1268,90.83
Representative in Congress,Kat Cammack,REP,Precinct 4,0,33,119,78,230,43.56
Representative in Congress,Kat Cammack,REP,Precinct 5,-,-,-,-,997,89.58
Representative in Congress,Kat Cammack,REP,Precinct 6,-,-,-,-,481,50.26
Representative in Congress,Kat Cammack,REP,Precinct 7,-,-,-,-,998,73.76
Representative in Congress,Kat Cammack,REP,Precinct 8,0,95,446,189,730,83.81
Representative in Congress,Kat Cammack,REP,Precinct 9,-,-,-,-,964,88.04
Representative in Congress,Tom Wells,DEM,Precinct 1,0,31,75,38,144,9.94
Representative in Congress,Tom Wells,DEM,Precinct 10,-,-,-,-,126,13.33
Representative in Congress,Tom Wells,DEM,Precinct 11,0,49,64,70,183,18.90
Representative in Congress,Tom Wells,DEM,Precinct 12,0,113,119,139,371,21.71
Representative in Congress,Tom Wells,DEM,Precinct 13,-,-,-,-,111,17.43
Representative in Congress,Tom Wells,DEM,Precinct 2,0,36,106,83,225,48.18
Representative in Congress,Tom Wells,DEM,Precinct 3,0,30,53,45,128,9.17
Representative in Congress,Tom Wells,DEM,Precinct 4,0,53,113,132,298,56.44
Representative in Congress,Tom Wells,DEM,Precinct 5,-,-,-,-,116,10.42
Representative in Congress,Tom Wells,DEM,Precinct 6,-,-,-,-,476,49.74
Representative in Congress,Tom Wells,DEM,Precinct 7,-,-,-,-,355,26.24
Representative in Congress,Tom Wells,DEM,Precinct 8,0,32,60,49,141,16.19
Representative in Congress,Tom Wells,DEM,Precinct 9,-,-,-,-,131,11.96
State Attorney,Brian Kramer,REP,Precinct 1,-,-,-,-,1299,91.35
State Attorney,Brian Kramer,REP,Precinct 10,0,120,438,262,820,88.55
State Attorney,Brian Kramer,REP,Precinct 11,-,-,-,-,787,82.41
State Attorney,Brian Kramer,REP,Precinct 12,0,222,574,556,1352,80.24
State Attorney,Brian Kramer,REP,Precinct 13,0,61,182,286,529,84.64
State Attorney,Brian Kramer,REP,Precinct 2,-,-,-,-,230,49.78
State Attorney,Brian Kramer,REP,Precinct 3,0,138,698,408,1244,91.14
State Attorney,Brian Kramer,REP,Precinct 4,0,33,121,75,229,43.29
State Attorney,Brian Kramer,REP,Precinct 5,-,-,-,-,994,90.36
State Attorney,Brian Kramer,REP,Precinct 6,-,-,-,-,490,51.26
State Attorney,Brian Kramer,REP,Precinct 7,-,-,-,-,997,74.85
State Attorney,Brian Kramer,REP,Precinct 8,0,100,443,182,725,84.89
State Attorney,Brian Kramer,REP,Precinct 9,-,-,-,-,966,89.78
State Attorney,Yvens Pierre-Antoine,DEM,Precinct 1,-,-,-,-,123,8.65
State Attorney,Yvens Pierre-Antoine,DEM,Precinct 10,-,-,-,-,106,11.45
State Attorney,Yvens Pierre-Antoine,DEM,Precinct 11,0,45,63,60,168,17.59
State Attorney,Yvens Pierre-Antoine,DEM,Precinct 12,0,103,117,113,333,19.76
State Attorney,Yvens Pierre-Antoine,DEM,Precinct 13,-,-,-,-,96,15.36
State Attorney,Yvens Pierre-Antoine,DEM,Precinct 2,0,41,103,88,232,50.22
State Attorney,Yvens Pierre-Antoine,DEM,Precinct 3,-,-,-,-,121,8.86
State Attorney,Yvens Pierre-Antoine,DEM,Precinct 4,0,52,112,136,300,56.71
State Attorney,Yvens Pierre-Antoine,DEM,Precinct 5,-,-,-,-,106,9.64
State Attorney,Yvens Pierre-Antoine,DEM,Precinct 6,0,108,230,128,466,48.74
State Attorney,Yvens Pierre-Antoine,DEM,Precinct 7,0,113,140,82,335,25.15
State Attorney,Yvens Pierre-Antoine,DEM,Precinct 8,-,-,-,-,129,15.11
State Attorney,Yvens Pierre-Antoine,DEM,Precinct 9,-,-,-,-,110,10.22
State Representative,Chuck Brannan,REP,Precinct 1,-,-,-,-,1256,89.78
State Representative,Chuck Brannan,REP,Precinct 10,0,117,432,252,801,86.97
State Representative,Chuck Brannan,REP,Precinct 11,-,-,-,-,751,79.81
State Representative,Chuck Brannan,REP,Precinct 12,0,211,566,532,1309,78.24
State Representative,Chuck Brannan,REP,Precinct 13,0,63,181,273,517,83.66
State Representative,Chuck Brannan,REP,Precinct 2,-,-,-,-,224,49.34
State Representative,Chuck Brannan,REP,Precinct 3,0,134,698,405,1237,90.62
State Representative,Chuck Brannan,REP,Precinct 4,0,30,111,72,213,41.68
State Representative,Chuck Brannan,REP,Precinct 5,-,-,-,-,963,88.51
State Representative,Chuck Brannan,REP,Precinct 6,-,-,-,-,466,49.68
State Representative,Chuck Brannan,REP,Precinct 7,-,-,-,-,965,73.11
State Representative,Chuck Brannan,REP,Precinct 8,0,96,435,183,714,84.10
State Representative,Chuck Brannan,REP,Precinct 9,-,-,-,-,939,88.33
State Representative,"Robert ""Bobby"" J. Brady",DEM,Precinct 1,0,32,76,35,143,10.22
State Representative,"Robert ""Bobby"" J. Brady",DEM,Precinct 10,-,-,-,-,120,13.03
State Representative,"Robert ""Bobby"" J. Brady",DEM,Precinct 11,0,48,71,71,190,20.19
State Representative,"Robert ""Bobby"" J. Brady",DEM,Precinct 12,0,108,122,134,364,21.76
State Representative,"Robert ""Bobby"" J. Brady",DEM,Precinct 13,-,-,-,-,101,16.34
State Representative,"Robert ""Bobby"" J. Brady",DEM,Precinct 2,0,40,102,88,230,50.66
State Representative,"Robert ""Bobby"" J. Brady",DEM,Precinct 3,0,31,52,45,128,9.38
State Representative,"Robert ""Bobby"" J. Brady",DEM,Precinct 4,0,55,113,130,298,58.32
State Representative,"Robert ""Bobby"" J. Brady",DEM,Precinct 5,-,-,-,-,125,11.49
State Representative,"Robert ""Bobby"" J. Brady",DEM,Precinct 6,-,-,-,-,472,50.32
State Representative,"Robert ""Bobby"" J. Brady",DEM,Precinct 7,-,-,-,-,355,26.89
State Representative,"Robert ""Bobby"" J. Brady",DEM,Precinct 8,-,-,-,-,135,15.90
State Representative,"Robert ""Bobby"" J. Brady",DEM,Precinct 9,-,-,-,-,124,11.67
Superintendent of Schools,Will Hartley,REP,Precinct 1,-,-,-,-,1236,87.23
Superintendent of Schools,Will Hartley,REP,Precinct 10,0,118,404,249,771,85.10
Superintendent of Schools,Will Hartley,REP,Precinct 11,-,-,-,-,771,80.90
Superintendent of Schools,Will Hartley,REP,Precinct 12,0,233,593,561,1387,84.26
Superintendent of Schools,Will Hartley,REP,Precinct 13,0,59,174,259,492,79.61
Superintendent of Schools,Will Hartley,REP,Precinct 2,0,44,163,124,331,73.39
Superintendent of Schools,Will Hartley,REP,Precinct 3,0,136,667,400,1203,86.17
Superintendent of Schools,Will Hartley,REP,Precinct 4,0,67,173,145,385,74.04
Superintendent of Schools,Will Hartley,REP,Precinct 5,-,-,-,-,986,90.29
Superintendent of Schools,Will Hartley,REP,Precinct 6,-,-,-,-,768,81.10
Superintendent of Schools,Will Hartley,REP,Precinct 7,-,-,-,-,1120,83.46
Superintendent of Schools,Will Hartley,REP,Precinct 8,-,-,-,-,752,87.24
Superintendent of Schools,Will Hartley,REP,Precinct 9,-,-,-,-,900,82.95
Superintendent of Schools,Alan Bhajan,NPA,Precinct 1,0,41,97,43,181,12.77
Superintendent of Schools,Alan Bhajan,NPA,Precinct 10,-,-,-,-,135,14.90
Superintendent of Schools,Alan Bhajan,NPA,Precinct 11,0,30,75,77,182,19.10
Superintendent of Schools,Alan Bhajan,NPA,Precinct 12,0,75,84,100,259,15.74
Superintendent of Schools,Alan Bhajan,NPA,Precinct 13,-,-,-,-,126,20.39
Superintendent of Schools,Alan Bhajan,NPA,Precinct 2,-,-,-,-,120,26.61
Superintendent of Schools,Alan Bhajan,NPA,Precinct 3,-,-,-,-,193,13.83
Superintendent of Schools,Alan Bhajan,NPA,Precinct 4,-,-,-,-,135,25.96
Superintendent of Schools,Alan Bhajan,NPA,Precinct 5,-,-,-,-,106,9.71
Superintendent of Schools,Alan Bhajan,NPA,Precinct 6,0,31,85,63,179,18.90
Superintendent of Schools,Alan Bhajan,NPA,Precinct 7,-,-,-,-,222,16.54
Superintendent of Schools,Alan Bhajan,NPA,Precinct 8,-,-,-,-,110,12.76
Superintendent of Schools,Alan Bhajan,NPA,Precinct 9,-,-,-,-,185,17.05
Board of County Commissioners District 1,Shannon Smith,REP,Precinct 2,-,-,-,-,203,43.38
Board of County Commissioners District 1,Shannon Smith,REP,Precinct 4,-,-,-,-,193,36.35
Board of County Commissioners District 1,Shannon Smith,REP,Precinct 6,0,84,262,118,464,47.84
Board of County Commissioners District 1,Carolyn Brown Spooner,DEM,Precinct 2,0,45,122,98,265,56.62
Board of County Commissioners District 1,Carolyn Brown Spooner,DEM,Precinct 4,0,62,130,146,338,63.65
Board of County Commissioners District 1,Carolyn Brown Spooner,DEM,Precinct 6,-,-,-,-,506,52.16
Justice of the Supreme Court - Renatha Francis,Yes,NON,Precinct 1,-,-,-,-,812,66.29
Justice of the Supreme Court - Renatha Francis,Yes,NON,Precinct 10,0,91,281,163,535,70.21
Justice of the Supreme Court - Renatha Francis,Yes,NON,Precinct 11,0,93,227,199,519,64.71
Justice of the Supreme Court - Renatha Francis,Yes,NON,Precinct 12,0,197,417,379,993,68.06
Justice of the Supreme Court - Renatha Francis,Yes,NON,Precinct 13,0,40,109,197,346,64.79
Justice of the Supreme Court - Renatha Francis,Yes,NON,Precinct 2,0,42,117,74,233,57.11
Justice of the Supreme Court - Renatha Francis,Yes,NON,Precinct 3,0,91,425,241,757,64.92
Justice of the Supreme Court - Renatha Francis,Yes,NON,Precinct 4,0,51,122,114,287,61.72
Justice of the Supreme Court - Renatha Francis,Yes,NON,Precinct 5,-,-,-,-,619,68.32
Justice of the Supreme Court - Renatha Francis,Yes,NON,Precinct 6,-,-,-,-,520,62.13
Justice of the Supreme Court - Renatha Francis,Yes,NON,Precinct 7,-,-,-,-,737,62.83
Justice of the Supreme Court - Renatha Francis,Yes,NON,Precinct 8,0,79,287,120,486,65.15
Justice of the Supreme Court - Renatha Francis,Yes,NON,Precinct 9,0,100,302,157,559,63.02
Justice of the Supreme Court - Renatha Francis,No,NON,Precinct 1,0,62,212,139,413,33.71
Justice of the Supreme Court - Renatha Francis,No,NON,Precinct 10,0,49,99,79,227,29.79
Justice of the Supreme Court - Renatha Francis,No,NON,Precinct 11,-,-,-,-,283,35.29
Justice of the Supreme Court - Renatha Francis,No,NON,Precinct 12,0,97,166,203,466,31.94
Justice of the Supreme Court - Renatha Francis,No,NON,Precinct 13,0,30,68,90,188,35.21
Justice of the Supreme Court - Renatha Francis,No,NON,Precinct 2,-,-,-,-,175,42.89
Justice of the Supreme Court - Renatha Francis,No,NON,Precinct 3,0,60,200,149,409,35.08
Justice of the Supreme Court - Renatha Francis,No,NON,Precinct 4,-,-,-,-,178,38.28
Justice of the Supreme Court - Renatha Francis,No,NON,Precinct 5,0,51,150,86,287,31.68
Justice of the Supreme Court - Renatha Francis,No,NON,Precinct 6,-,-,-,-,317,37.87
Justice of the Supreme Court - Renatha Francis,No,NON,Precinct 7,-,-,-,-,436,37.17
Justice of the Supreme Court - Renatha Francis,No,NON,Precinct 8,0,43,137,80,260,34.85
Justice of the Supreme Court - Renatha Francis,No,NON,Precinct 9,-,-,-,-,328,36.98
Justice of the Supreme Court - Meredith Sasso,Yes,NON,Precinct 1,-,-,-,-,808,67.00
Justice of the Supreme Court - Meredith Sasso,Yes,NON,Precinct 10,0,90,272,160,522,69.51
Justice of the Supreme Court - Meredith Sasso,Yes,NON,Precinct 11,0,87,233,203,523,66.04
Justice of the Supreme Court - Meredith Sasso,Yes,NON,Precinct 12,0,199,415,369,983,68.07
Justice of the Supreme Court - Meredith Sasso,Yes,NON,Precinct 13,0,41,116,196,353,66.48
Justice of the Supreme Court - Meredith Sasso,Yes,NON,Precinct 2,0,43,111,77,231,57.46
Justice of the Supreme Court - Meredith Sasso,Yes,NON,Precinct 3,0,91,430,244,765,66.06
Justice of the Supreme Court - Meredith Sasso,Yes,NON,Precinct 4,0,53,115,103,271,59.43
Justice of the Supreme Court - Meredith Sasso,Yes,NON,Precinct 5,-,-,-,-,620,69.12
Justice of the Supreme Court - Meredith Sasso,Yes,NON,Precinct 6,-,-,-,-,497,60.46
Justice of the Supreme Court - Meredith Sasso,Yes,NON,Precinct 7,-,-,-,-,725,62.55
Justice of the Supreme Court - Meredith Sasso,Yes,NON,Precinct 8,0,72,291,122,485,66.26
Justice of the Supreme Court - Meredith Sasso,Yes,NON,Precinct 9,0,104,311,157,572,65.15
Justice of the Supreme Court - Meredith Sasso,No,NON,Precinct 1,0,60,206,132,398,33.00
Justice of the Supreme Court - Meredith Sasso,No,NON,Precinct 10,0,47,103,79,229,30.49
Justice of the Supreme Court - Meredith Sasso,No,NON,Precinct 11,-,-,-,-,269,33.96
Justice of the Supreme Court - Meredith Sasso,No,NON,Precinct 12,0,92,166,203,461,31.93
Justice of the Supreme Court - Meredith Sasso,No,NON,Precinct 13,-,-,-,-,178,33.52
Justice of the Supreme Court - Meredith Sasso,No,NON,Precinct 2,-,-,-,-,171,42.54
Justice of the Supreme Court - Meredith Sasso,No,NON,Precinct 3,0,60,186,147,393,33.94
Justice of the Supreme Court - Meredith Sasso,No,NON,Precinct 4,-,-,-,-,185,40.57
Justice of the Supreme Court - Meredith Sasso,No,NON,Precinct 5,0,51,153,73,277,30.88
Justice of the Supreme Court - Meredith Sasso,No,NON,Precinct 6,-,-,-,-,325,39.54
Justice of the Supreme Court - Meredith Sasso,No,NON,Precinct 7,-,-,-,-,434,37.45
Justice of the Supreme Court - Meredith Sasso,No,NON,Precinct 8,0,44,128,75,247,33.74
Justice of the Supreme Court - Meredith Sasso,No,NON,Precinct 9,0,43,157,106,306,34.85
First District Court of Appeal - Stephanie Ray,Yes,NON,Precinct 1,0,136,420,261,817,68.89
First District Court of Appeal - Stephanie Ray,Yes,NON,Precinct 10,-,-,-,-,547,74.22
First District Court of Appeal - Stephanie Ray,Yes,NON,Precinct 11,0,94,235,199,528,68.04
First District Court of Appeal - Stephanie Ray,Yes,NON,Precinct 12,0,203,407,384,994,70.70
First District Court of Appeal - Stephanie Ray,Yes,NON,Precinct 13,0,38,122,192,352,67.30
First District Court of Appeal - Stephanie Ray,Yes,NON,Precinct 2,0,41,117,81,239,59.90
First District Court of Appeal - Stephanie Ray,Yes,NON,Precinct 3,0,92,429,261,782,68.00
First District Court of Appeal - Stephanie Ray,Yes,NON,Precinct 4,0,51,115,108,274,60.35
First District Court of Appeal - Stephanie Ray,Yes,NON,Precinct 5,-,-,-,-,604,68.95
First District Court of Appeal - Stephanie Ray,Yes,NON,Precinct 6,-,-,-,-,520,63.26
First District Court of Appeal - Stephanie Ray,Yes,NON,Precinct 7,-,-,-,-,753,65.48
First District Court of Appeal - Stephanie Ray,Yes,NON,Precinct 8,-,-,-,-,497,69.32
First District Court of Appeal - Stephanie Ray,Yes,NON,Precinct 9,0,106,320,164,590,67.89
First District Court of Appeal - Stephanie Ray,No,NON,Precinct 1,-,-,-,-,369,31.11
First District Court of Appeal - Stephanie Ray,No,NON,Precinct 10,0,37,85,68,190,25.78
First District Court of Appeal - Stephanie Ray,No,NON,Precinct 11,-,-,-,-,248,31.96
First District Court of Appeal - Stephanie Ray,No,NON,Precinct 12,0,83,154,175,412,29.30
First District Court of Appeal - Stephanie Ray,No,NON,Precinct 13,0,32,53,86,171,32.70
First District Court of Appeal - Stephanie Ray,No,NON,Precinct 2,-,-,-,-,160,40.10
First District Court of Appeal - Stephanie Ray,No,NON,Precinct 3,0,60,179,129,368,32.00
First District Court of Appeal - Stephanie Ray,No,NON,Precinct 4,-,-,-,-,180,39.65
First District Court of Appeal - Stephanie Ray,No,NON,Precinct 5,0,54,145,73,272,31.05
First District Court of Appeal - Stephanie Ray,No,NON,Precinct 6,-,-,-,-,302,36.74
First District Court of Appeal - Stephanie Ray,No,NON,Precinct 7,-,-,-,-,397,34.52
First District Court of Appeal - Stephanie Ray,No,NON,Precinct 8,0,40,119,61,220,30.68
First District Court of Appeal - Stephanie Ray,No,NON,Precinct 9,0,39,144,96,279,32.11
First District Court of Appeal - Bradford L. Thomas,Yes,NON,Precinct 1,-,-,-,-,821,69.05
First District Court of Appeal - Bradford L. Thomas,Yes,NON,Precinct 10,-,-,-,-,542,73.44
First District Court of Appeal - Bradford L. Thomas,Yes,NON,Precinct 11,-,-,-,-,522,67.79
First District Court of Appeal - Bradford L. Thomas,Yes,NON,Precinct 12,0,200,389,376,965,68.59
First District Court of Appeal - Bradford L. Thomas,Yes,NON,Precinct 13,0,39,123,187,349,67.64
First District Court of Appeal - Bradford L. Thomas,Yes,NON,Precinct 2,0,38,125,81,244,61.00
First District Court of Appeal - Bradford L. Thomas,Yes,NON,Precinct 3,0,88,430,255,773,67.69
First District Court of Appeal - Bradford L. Thomas,Yes,NON,Precinct 4,0,53,118,101,272,59.26
First District Court of Appeal - Bradford L. Thomas,Yes,NON,Precinct 5,-,-,-,-,621,70.89
First District Court of Appeal - Bradford L. Thomas,Yes,NON,Precinct 6,-,-,-,-,518,63.33
First District Court of Appeal - Bradford L. Thomas,Yes,NON,Precinct 7,-,-,-,-,733,63.79
First District Court of Appeal - Bradford L. Thomas,Yes,NON,Precinct 8,-,-,-,-,488,67.40
First District Court of Appeal - Bradford L. Thomas,Yes,NON,Precinct 9,0,95,328,164,587,67.63
First District Court of Appeal - Bradford L. Thomas,No,NON,Precinct 1,0,71,180,117,368,30.95
First District Court of Appeal - Bradford L. Thomas,No,NON,Precinct 10,0,40,84,72,196,26.56
First District Court of Appeal - Bradford L. Thomas,No,NON,Precinct 11,0,50,106,92,248,32.21
First District Court of Appeal - Bradford L. Thomas,No,NON,Precinct 12,0,85,175,182,442,31.41
First District Court of Appeal - Bradford L. Thomas,No,NON,Precinct 13,0,31,51,85,167,32.36
First District Court of Appeal - Bradford L. Thomas,No,NON,Precinct 2,-,-,-,-,156,39.00
First District Court of Appeal - Bradford L. Thomas,No,NON,Precinct 3,0,64,174,131,369,32.31
First District Court of Appeal - Bradford L. Thomas,No,NON,Precinct 4,-,-,-,-,187,40.74
First District Court of Appeal - Bradford L. Thomas,No,NON,Precinct 5,0,49,141,65,255,29.11
First District Court of Appeal - Bradford L. Thomas,No,NON,Precinct 6,-,-,-,-,300,36.67
First District Court of Appeal - Bradford L. Thomas,No,NON,Precinct 7,-,-,-,-,416,36.21
First District Court of Appeal - Bradford L. Thomas,No,NON,Precinct 8,0,39,126,71,236,32.60
First District Court of Appeal - Bradford L. Thomas,No,NON,Precinct 9,0,47,138,96,281,32.37
First District Court of Appeal - M. Kemmerly Thomas,Yes,NON,Precinct 1,-,-,-,-,801,67.82
First District Court of Appeal - M. Kemmerly Thomas,Yes,NON,Precinct 10,-,-,-,-,532,72.68
First District Court of Appeal - M. Kemmerly Thomas,Yes,NON,Precinct 11,-,-,-,-,526,68.22
First District Court of Appeal - M. Kemmerly Thomas,Yes,NON,Precinct 12,0,203,393,372,968,68.90
First District Court of Appeal - M. Kemmerly Thomas,Yes,NON,Precinct 13,0,39,121,190,350,67.96
First District Court of Appeal - M. Kemmerly Thomas,Yes,NON,Precinct 2,0,41,121,81,243,60.75
First District Court of Appeal - M. Kemmerly Thomas,Yes,NON,Precinct 3,0,94,416,248,758,66.43
First District Court of Appeal - M. Kemmerly Thomas,Yes,NON,Precinct 4,0,53,107,113,273,60.00
First District Court of Appeal - M. Kemmerly Thomas,Yes,NON,Precinct 5,-,-,-,-,600,68.73
First District Court of Appeal - M. Kemmerly Thomas,Yes,NON,Precinct 6,-,-,-,-,501,61.32
First District Court of Appeal - M. Kemmerly Thomas,Yes,NON,Precinct 7,-,-,-,-,728,63.64
First District Court of Appeal - M. Kemmerly Thomas,Yes,NON,Precinct 8,0,76,287,120,483,67.46
First District Court of Appeal - M. Kemmerly Thomas,Yes,NON,Precinct 9,0,94,326,165,585,67.94
First District Court of Appeal - M. Kemmerly Thomas,No,NON,Precinct 1,0,66,194,120,380,32.18
First District Court of Appeal - M. Kemmerly Thomas,No,NON,Precinct 10,0,42,88,70,200,27.32
First District Court of Appeal - M. Kemmerly Thomas,No,NON,Precinct 11,0,48,109,88,245,31.78
First District Court of Appeal - M. Kemmerly Thomas,No,NON,Precinct 12,0,84,169,184,437,31.10
First District Court of Appeal - M. Kemmerly Thomas,No,NON,Precinct 13,0,31,52,82,165,32.04
First District Court of Appeal - M. Kemmerly Thomas,No,NON,Precinct 2,-,-,-,-,157,39.25
First District Court of Appeal - M. Kemmerly Thomas,No,NON,Precinct 3,0,57,190,136,383,33.57
First District Court of Appeal - M. Kemmerly Thomas,No,NON,Precinct 4,-,-,-,-,182,40.00
First District Court of Appeal - M. Kemmerly Thomas,No,NON,Precinct 5,0,49,152,72,273,31.27
First District Court of Appeal - M. Kemmerly Thomas,No,NON,Precinct 6,-,-,-,-,316,38.68
First District Court of Appeal - M. Kemmerly Thomas,No,NON,Precinct 7,-,-,-,-,416,36.36
First District Court of Appeal - M. Kemmerly Thomas,No,NON,Precinct 8,0,42,122,69,233,32.54
First District Court of Appeal - M. Kemmerly Thomas,No,NON,Precinct 9,0,48,139,89,276,32.06
No. 1 Constitutional Amendment,Yes,NON,Precinct 1,0,111,403,274,788,60.06
No. 1 Constitutional Amendment,Yes,NON,Precinct 10,-,-,-,-,548,64.70
No. 1 Constitutional Amendment,Yes,NON,Precinct 11,0,72,251,190,513,58.97
No. 1 Constitutional Amendment,Yes,NON,Precinct 12,0,168,407,356,931,58.59
No. 1 Constitutional Amendment,Yes,NON,Precinct 13,0,33,117,178,328,56.55
No. 1 Constitutional Amendment,Yes,NON,Precinct 2,0,40,126,73,239,55.58
No. 1 Constitutional Amendment,Yes,NON,Precinct 3,0,103,444,246,793,61.47
No. 1 Constitutional Amendment,Yes,NON,Precinct 4,0,49,124,114,287,59.30
No. 1 Constitutional Amendment,Yes,NON,Precinct 5,-,-,-,-,614,61.77
No. 1 Constitutional Amendment,Yes,NON,Precinct 6,-,-,-,-,502,57.77
No. 1 Constitutional Amendment,Yes,NON,Precinct 7,-,-,-,-,744,58.86
No. 1 Constitutional Amendment,Yes,NON,Precinct 8,0,81,306,117,504,63.16
No. 1 Constitutional Amendment,Yes,NON,Precinct 9,0,93,332,183,608,62.17
No. 1 Constitutional Amendment,No,NON,Precinct 1,-,-,-,-,524,39.94
No. 1 Constitutional Amendment,No,NON,Precinct 10,0,54,131,114,299,35.30
No. 1 Constitutional Amendment,No,NON,Precinct 11,-,-,-,-,357,41.03
No. 1 Constitutional Amendment,No,NON,Precinct 12,0,141,244,273,658,41.41
No. 1 Constitutional Amendment,No,NON,Precinct 13,0,43,75,134,252,43.45
No. 1 Constitutional Amendment,No,NON,Precinct 2,-,-,-,-,191,44.42
No. 1 Constitutional Amendment,No,NON,Precinct 3,0,53,270,174,497,38.53
No. 1 Constitutional Amendment,No,NON,Precinct 4,0,33,93,71,197,40.70
No. 1 Constitutional Amendment,No,NON,Precinct 5,0,61,200,119,380,38.23
No. 1 Constitutional Amendment,No,NON,Precinct 6,-,-,-,-,367,42.23
No. 1 Constitutional Amendment,No,NON,Precinct 7,-,-,-,-,520,41.14
No. 1 Constitutional Amendment,No,NON,Precinct 8,0,41,158,95,294,36.84
No. 1 Constitutional Amendment,No,NON,Precinct 9,0,59,183,128,370,37.83
No. 2 Constitutional Amendment,Yes,NON,Precinct 1,-,-,-,-,1175,82.34
No. 2 Constitutional Amendment,Yes,NON,Precinct 10,-,-,-,-,775,84.24
No. 2 Constitutional Amendment,Yes,NON,Precinct 11,0,121,352,306,779,81.49
No. 2 Constitutional Amendment,Yes,NON,Precinct 12,0,230,540,515,1285,76.40
No. 2 Constitutional Amendment,Yes,NON,Precinct 13,0,52,168,268,488,78.71
No. 2 Constitutional Amendment,Yes,NON,Precinct 2,0,49,185,134,368,79.14
No. 2 Constitutional Amendment,Yes,NON,Precinct 3,0,141,646,384,1171,83.46
No. 2 Constitutional Amendment,Yes,NON,Precinct 4,0,63,169,170,402,76.43
No. 2 Constitutional Amendment,Yes,NON,Precinct 5,-,-,-,-,918,83.38
No. 2 Constitutional Amendment,Yes,NON,Precinct 6,-,-,-,-,738,77.44
No. 2 Constitutional Amendment,Yes,NON,Precinct 7,-,-,-,-,1081,81.16
No. 2 Constitutional Amendment,Yes,NON,Precinct 8,-,-,-,-,697,81.52
No. 2 Constitutional Amendment,Yes,NON,Precinct 9,-,-,-,-,895,82.11
No. 2 Constitutional Amendment,No,NON,Precinct 1,0,44,135,73,252,17.66
No. 2 Constitutional Amendment,No,NON,Precinct 10,-,-,-,-,145,15.76
No. 2 Constitutional Amendment,No,NON,Precinct 11,-,-,-,-,177,18.51
No. 2 Constitutional Amendment,No,NON,Precinct 12,0,87,152,158,397,23.60
No. 2 Constitutional Amendment,No,NON,Precinct 13,-,-,-,-,132,21.29
No. 2 Constitutional Amendment,No,NON,Precinct 2,-,-,-,-,97,20.86
No. 2 Constitutional Amendment,No,NON,Precinct 3,-,-,-,-,232,16.54
No. 2 Constitutional Amendment,No,NON,Precinct 4,-,-,-,-,124,23.57
No. 2 Constitutional Amendment,No,NON,Precinct 5,-,-,-,-,183,16.62
No. 2 Constitutional Amendment,No,NON,Precinct 6,-,-,-,-,215,22.56
No. 2 Constitutional Amendment,No,NON,Precinct 7,-,-,-,-,251,18.84
No. 2 Constitutional Amendment,No,NON,Precinct 8,-,-,-,-,158,18.48
No. 2 Constitutional Amendment,No,NON,Precinct 9,0,30,110,55,195,17.89
No. 3 Constitutional Amendment,Yes,NON,Precinct 1,0,86,345,222,653,44.33
No. 3 Constitutional Amendment,Yes,NON,Precinct 10,0,75,202,137,414,43.49
No. 3 Constitutional Amendment,Yes,NON,Precinct 11,-,-,-,-,481,48.39
No. 3 Constitutional Amendment,Yes,NON,Precinct 12,0,150,299,333,782,45.02
No. 3 Constitutional Amendment,Yes,NON,Precinct 13,0,37,70,166,273,42.19
No. 3 Constitutional Amendment,Yes,NON,Precinct 2,0,42,135,120,297,62.00
No. 3 Constitutional Amendment,Yes,NON,Precinct 3,0,89,299,240,628,43.76
No. 3 Constitutional Amendment,Yes,NON,Precinct 4,0,59,164,147,370,67.40
No. 3 Constitutional Amendment,Yes,NON,Precinct 5,0,72,275,151,498,43.99
No. 3 Constitutional Amendment,Yes,NON,Precinct 6,-,-,-,-,637,63.57
No. 3 Constitutional Amendment,Yes,NON,Precinct 7,-,-,-,-,820,59.04
No. 3 Constitutional Amendment,Yes,NON,Precinct 8,-,-,-,-,446,50.40
No. 3 Constitutional Amendment,Yes,NON,Precinct 9,-,-,-,-,585,51.95
No. 3 Constitutional Amendment,No,NON,Precinct 1,-,-,-,-,820,55.67
No. 3 Constitutional Amendment,No,NON,Precinct 10,0,75,289,174,538,56.51
No. 3 Constitutional Amendment,No,NON,Precinct 11,0,75,253,185,513,51.61
No. 3 Constitutional Amendment,No,NON,Precinct 12,0,176,412,367,955,54.98
No. 3 Constitutional Amendment,No,NON,Precinct 13,0,47,135,192,374,57.81
No. 3 Constitutional Amendment,No,NON,Precinct 2,-,-,-,-,182,38.00
No. 3 Constitutional Amendment,No,NON,Precinct 3,0,78,491,238,807,56.24
No. 3 Constitutional Amendment,No,NON,Precinct 4,-,-,-,-,179,32.60
No. 3 Constitutional Amendment,No,NON,Precinct 5,-,-,-,-,634,56.01
No. 3 Constitutional Amendment,No,NON,Precinct 6,-,-,-,-,365,36.43
No. 3 Constitutional Amendment,No,NON,Precinct 7,-,-,-,-,569,40.96
No. 3 Constitutional Amendment,No,NON,Precinct 8,0,61,257,121,439,49.60
No. 3 Constitutional Amendment,No,NON,Precinct 9,0,76,293,172,541,48.05
No. 4 Constitutional Amendment,Yes,NON,Precinct 1,0,61,177,106,344,23.82
No. 4 Constitutional Amendment,Yes,NON,Precinct 10,0,50,94,90,234,24.87
No. 4 Constitutional Amendment,Yes,NON,Precinct 11,0,65,121,141,327,33.33
No. 4 Constitutional Amendment,Yes,NON,Precinct 12,0,165,206,252,623,36.07
No. 4 Constitutional Amendment,Yes,NON,Precinct 13,0,37,35,113,185,29.23
No. 4 Constitutional Amendment,Yes,NON,Precinct 2,0,32,108,107,247,52.11
No. 4 Constitutional Amendment,Yes,NON,Precinct 3,0,57,175,118,350,24.73
No. 4 Constitutional Amendment,Yes,NON,Precinct 4,0,51,131,125,307,57.82
No. 4 Constitutional Amendment,Yes,NON,Precinct 5,0,66,150,76,292,26.19
No. 4 Constitutional Amendment,Yes,NON,Precinct 6,-,-,-,-,519,52.85
No. 4 Constitutional Amendment,Yes,NON,Precinct 7,-,-,-,-,559,40.89
No. 4 Constitutional Amendment,Yes,NON,Precinct 8,-,-,-,-,273,31.56
No. 4 Constitutional Amendment,Yes,NON,Precinct 9,0,51,166,106,323,29.47
No. 4 Constitutional Amendment,No,NON,Precinct 1,-,-,-,-,1100,76.18
No. 4 Constitutional Amendment,No,NON,Precinct 10,0,96,395,216,707,75.13
No. 4 Constitutional Amendment,No,NON,Precinct 11,-,-,-,-,654,66.67
No. 4 Constitutional Amendment,No,NON,Precinct 12,0,161,501,442,1104,63.93
No. 4 Constitutional Amendment,No,NON,Precinct 13,0,46,166,236,448,70.77
No. 4 Constitutional Amendment,No,NON,Precinct 2,0,30,127,70,227,47.89
No. 4 Constitutional Amendment,No,NON,Precinct 3,0,108,605,352,1065,75.27
No. 4 Constitutional Amendment,No,NON,Precinct 4,0,33,108,83,224,42.18
No. 4 Constitutional Amendment,No,NON,Precinct 5,-,-,-,-,823,73.81
No. 4 Constitutional Amendment,No,NON,Precinct 6,-,-,-,-,463,47.15
No. 4 Constitutional Amendment,No,NON,Precinct 7,-,-,-,-,808,59.11
No. 4 Constitutional Amendment,No,NON,Precinct 8,0,79,361,152,592,68.44
No. 4 Constitutional Amendment,No,NON,Precinct 9,-,-,-,-,773,70.53
No. 5 Constitutional Amendment,Yes,NON,Precinct 1,-,-,-,-,808,61.35
No. 5 Constitutional Amendment,Yes,NON,Precinct 10,0,98,298,177,573,66.94
No. 5 Constitutional Amendment,Yes,NON,Precinct 11,0,105,251,207,563,63.26
No. 5 Constitutional Amendment,Yes,NON,Precinct 12,0,198,435,416,1049,65.44
No. 5 Constitutional Amendment,Yes,NON,Precinct 13,0,37,120,196,353,60.55
No. 5 Constitutional Amendment,Yes,NON,Precinct 2,0,35,116,90,241,55.02
No. 5 Constitutional Amendment,Yes,NON,Precinct 3,0,103,433,278,814,61.53
No. 5 Constitutional Amendment,Yes,NON,Precinct 4,0,45,114,105,264,53.99
No. 5 Constitutional Amendment,Yes,NON,Precinct 5,-,-,-,-,628,60.44
No. 5 Constitutional Amendment,Yes,NON,Precinct 6,-,-,-,-,530,59.62
No. 5 Constitutional Amendment,Yes,NON,Precinct 7,-,-,-,-,775,62.70
No. 5 Constitutional Amendment,Yes,NON,Precinct 8,-,-,-,-,502,62.52
No. 5 Constitutional Amendment,Yes,NON,Precinct 9,-,-,-,-,617,60.49
No. 5 Constitutional Amendment,No,NON,Precinct 1,0,97,262,150,509,38.65
No. 5 Constitutional Amendment,No,NON,Precinct 10,0,44,137,102,283,33.06
No. 5 Constitutional Amendment,No,NON,Precinct 11,-,-,-,-,327,36.74
No. 5 Constitutional Amendment,No,NON,Precinct 12,0,114,216,224,554,34.56
No. 5 Constitutional Amendment,No,NON,Precinct 13,0,40,69,121,230,39.45
No. 5 Constitutional Amendment,No,NON,Precinct 2,-,-,-,-,197,44.98
No. 5 Constitutional Amendment,No,NON,Precinct 3,0,51,291,167,509,38.47
No. 5 Constitutional Amendment,No,NON,Precinct 4,0,37,101,87,225,46.01
No. 5 Constitutional Amendment,No,NON,Precinct 5,0,46,233,132,411,39.56
No. 5 Constitutional Amendment,No,NON,Precinct 6,-,-,-,-,359,40.38
No. 5 Constitutional Amendment,No,NON,Precinct 7,0,91,234,136,461,37.30
No. 5 Constitutional Amendment,No,NON,Precinct 8,0,41,177,83,301,37.48
No. 5 Constitutional Amendment,No,NON,Precinct 9,0,59,212,132,403,39.51
No. 6 Constitutional Amendment,Yes,NON,Precinct 1,0,116,384,230,730,56.11
No. 6 Constitutional Amendment,Yes,NON,Precinct 10,0,73,261,154,488,58.51
No. 6 Constitutional Amendment,Yes,NON,Precinct 11,0,84,224,154,462,53.78
No. 6 Constitutional Amendment,Yes,NON,Precinct 12,0,163,335,341,839,53.41
No. 6 Constitutional Amendment,Yes,NON,Precinct 13,0,35,105,154,294,50.87
No. 6 Constitutional Amendment,Yes,NON,Precinct 2,0,30,116,66,212,48.62
No. 6 Constitutional Amendment,Yes,NON,Precinct 3,0,78,375,232,685,53.27
No. 6 Constitutional Amendment,Yes,NON,Precinct 4,0,45,91,100,236,48.16
No. 6 Constitutional Amendment,Yes,NON,Precinct 5,0,75,309,166,550,55.06
No. 6 Constitutional Amendment,Yes,NON,Precinct 6,-,-,-,-,465,53.76
No. 6 Constitutional Amendment,Yes,NON,Precinct 7,-,-,-,-,660,53.23
No. 6 Constitutional Amendment,Yes,NON,Precinct 8,0,66,262,110,438,55.37
No. 6 Constitutional Amendment,Yes,NON,Precinct 9,0,84,282,164,530,54.30
No. 6 Constitutional Amendment,No,NON,Precinct 1,-,-,-,-,571,43.89
No. 6 Constitutional Amendment,No,NON,Precinct 10,0,65,164,117,346,41.49
No. 6 Constitutional Amendment,No,NON,Precinct 11,-,-,-,-,397,46.22
No. 6 Constitutional Amendment,No,NON,Precinct 12,0,153,301,278,732,46.59
No. 6 Constitutional Amendment,No,NON,Precinct 13,0,41,86,157,284,49.13
No. 6 Constitutional Amendment,No,NON,Precinct 2,0,30,104,90,224,51.38
No. 6 Constitutional Amendment,No,NON,Precinct 3,0,81,328,192,601,46.73
No. 6 Constitutional Amendment,No,NON,Precinct 4,0,40,123,91,254,51.84
No. 6 Constitutional Amendment,No,NON,Precinct 5,0,62,251,136,449,44.94
No. 6 Constitutional Amendment,No,NON,Precinct 6,-,-,-,-,400,46.24
No. 6 Constitutional Amendment,No,NON,Precinct 7,-,-,-,-,580,46.77
No. 6 Constitutional Amendment,No,NON,Precinct 8,0,51,199,103,353,44.63
No. 6 Constitutional Amendment,No,NON,Precinct 9,0,71,232,143,446,45.70
Starke Amendment,Yes,NON,Precinct 4,0,43,101,96,240,64.52
Starke Amendment,Yes,NON,Precinct 5,-,-,-,-,36,80.00
Starke Amendment,Yes,NON,Precinct 6,0,79,179,89,347,67.25
Starke Amendment,Yes,NON,Precinct 7,-,-,-,-,907,70.53
Starke Amendment,No,NON,Precinct 4,-,-,-,-,132,35.48
Starke Amendment,No,NON,Precinct 5,-,-,-,-,9,20.00
Starke Amendment,No,NON,Precinct 6,-,-,-,-,169,32.75
Starke Amendment,No,NON,Precinct 7,0,47,208,124,379,29.47
Hampton Amendment,Yes,NON,Precinct 11,-,-,-,-,118,71.08
Hampton Amendment,No,NON,Precinct 11,-,-,-,-,48,28.92
