precinct,year,race,party,candidate,votes
Abbottstown,2024,Presidential Electors,DEM,HARRIS and WALZ,150
Abbottstown,2024,Presidential Electors,REP,TRUMP and VANCE,350
Abbottstown,2024,Presidential Electors,LIB,OLIVER and TER MAAT,4
Abbottstown,2024,Presidential Electors,GNP,STEIN and WARE,3
Abbottstown,2024,United States Senator,DEM,ROBERT P CASEY JR,149
Abbottstown,2024,United States Senator,REP,DAVE MCCORMICK,329
Abbottstown,2024,United States Senator,LIB,JOHN C THOMAS,13
Abbottstown,2024,United States Senator,GNP,LEILA HAZOU,9
Abbottstown,2024,United States Senator,CST,MARTY SELKER,3
Abbottstown,2024,Attorney General,DEM,EUGENE DEPASQUALE,135
Abbottstown,2024,Attorney General,REP,DAVE SUNDAY,348
Abbottstown,2024,Attorney General,LIB,ROBERT COWBURN,13
Abbottstown,2024,Attorney General,GNP,RICHARD L WEISS,3
Abbottstown,2024,Attorney General,CST,JUSTIN L MAGILL,2
Abbottstown,2024,Attorney General,FWD,ERIC L SETTLE,1
Abbottstown,2024,Auditor General,DEM,MALCOLM KENYATTA,130
Abbottstown,2024,Auditor General,REP,TIM DEFOOR,343
Abbottstown,2024,Auditor General,LIB,REECE SMITH,17
Abbottstown,2024,Auditor General,ASP,ERIC K ANTON,1
Abbottstown,2024,Auditor General,CST,BOB GOODRICH,8
Abbottstown,2024,State Treasurer,DEM,ERIN MCCLELLAND,123
Abbottstown,2024,State Treasurer,REP,STACY GARRITY,344
Abbottstown,2024,State Treasurer,LIB,NICKOLAS CIESIELSKI,14
Abbottstown,2024,State Treasurer,CST,TROY BOWMAN,6
Abbottstown,2024,State Treasurer,FWD,CHRIS FOSTER,5
Abbottstown,2024,Representative in Congress,DEM,BETH FARNHAM,149
Abbottstown,2024,Representative in Congress,REP,JOHN JOYCE,352
Abbottstown,2024,Senator in the General Assembly,DEM,CAMERON SCHROY,151
Abbottstown,2024,Senator in the General Assembly,REP,DOUG MASTRIANO,345
Abbottstown,2024,Representative in the General Assembly 193rd District,REP,TORREN ECKER,417
Arendtsville,2024,Presidential Electors,DEM,HARRIS and WALZ,164
Arendtsville,2024,Presidential Electors,REP,TRUMP and VANCE,273
Arendtsville,2024,Presidential Electors,LIB,OLIVER and TER MAAT,1
Arendtsville,2024,Presidential Electors,GNP,STEIN and WARE,1
Arendtsville,2024,United States Senator,DEM,ROBERT P CASEY JR,165
Arendtsville,2024,United States Senator,REP,DAVE MCCORMICK,265
Arendtsville,2024,United States Senator,LIB,JOHN C THOMAS,4
Arendtsville,2024,United States Senator,GNP,LEILA HAZOU,3
Arendtsville,2024,United States Senator,CST,MARTY SELKER,2
Arendtsville,2024,Attorney General,DEM,EUGENE DEPASQUALE,149
Arendtsville,2024,Attorney General,REP,DAVE SUNDAY,272
Arendtsville,2024,Attorney General,LIB,ROBERT COWBURN,4
Arendtsville,2024,Attorney General,GNP,RICHARD L WEISS,3
Arendtsville,2024,Attorney General,CST,JUSTIN L MAGILL,7
Arendtsville,2024,Attorney General,FWD,ERIC L SETTLE,3
Arendtsville,2024,Auditor General,DEM,MALCOLM KENYATTA,141
Arendtsville,2024,Auditor General,REP,TIM DEFOOR,277
Arendtsville,2024,Auditor General,LIB,REECE SMITH,11
Arendtsville,2024,Auditor General,ASP,ERIC K ANTON,2
Arendtsville,2024,Auditor General,CST,BOB GOODRICH,4
Arendtsville,2024,State Treasurer,DEM,ERIN MCCLELLAND,136
Arendtsville,2024,State Treasurer,REP,STACY GARRITY,285
Arendtsville,2024,State Treasurer,LIB,NICKOLAS CIESIELSKI,3
Arendtsville,2024,State Treasurer,CST,TROY BOWMAN,7
Arendtsville,2024,State Treasurer,FWD,CHRIS FOSTER,1
Arendtsville,2024,Representative in Congress,DEM,BETH FARNHAM,148
Arendtsville,2024,Representative in Congress,REP,JOHN JOYCE,287
Arendtsville,2024,Senator in the General Assembly,DEM,CAMERON SCHROY,158
Arendtsville,2024,Senator in the General Assembly,REP,DOUG MASTRIANO,275
Arendtsville,2024,Representative in the General Assembly 193rd District,REP,TORREN ECKER,349
Bendersville,2024,Presidential Electors,DEM,HARRIS and WALZ,97
Bendersville,2024,Presidential Electors,REP,TRUMP and VANCE,197
Bendersville,2024,Presidential Electors,LIB,OLIVER and TER MAAT,1
Bendersville,2024,Presidential Electors,GNP,STEIN and WARE,3
Bendersville,2024,United States Senator,DEM,ROBERT P CASEY JR,103
Bendersville,2024,United States Senator,REP,DAVE MCCORMICK,185
Bendersville,2024,United States Senator,LIB,JOHN C THOMAS,6
Bendersville,2024,United States Senator,GNP,LEILA HAZOU,3
Bendersville,2024,United States Senator,CST,MARTY SELKER,2
Bendersville,2024,Attorney General,DEM,EUGENE DEPASQUALE,91
Bendersville,2024,Attorney General,REP,DAVE SUNDAY,204
Bendersville,2024,Attorney General,LIB,ROBERT COWBURN,4
Bendersville,2024,Attorney General,GNP,RICHARD L WEISS,1
Bendersville,2024,Auditor General,DEM,MALCOLM KENYATTA,89
Bendersville,2024,Auditor General,REP,TIM DEFOOR,197
Bendersville,2024,Auditor General,LIB,REECE SMITH,8
Bendersville,2024,Auditor General,ASP,ERIC K ANTON,1
Bendersville,2024,Auditor General,CST,BOB GOODRICH,5
Bendersville,2024,State Treasurer,DEM,ERIN MCCLELLAND,87
Bendersville,2024,State Treasurer,REP,STACY GARRITY,201
Bendersville,2024,State Treasurer,LIB,NICKOLAS CIESIELSKI,6
Bendersville,2024,State Treasurer,CST,TROY BOWMAN,2
Bendersville,2024,State Treasurer,FWD,CHRIS FOSTER,1
Bendersville,2024,Representative in Congress,DEM,BETH FARNHAM,95
Bendersville,2024,Representative in Congress,REP,JOHN JOYCE,204
Bendersville,2024,Senator in the General Assembly,DEM,CAMERON SCHROY,102
Bendersville,2024,Senator in the General Assembly,REP,DOUG MASTRIANO,197
Bendersville,2024,Representative in the General Assembly 193rd District,REP,TORREN ECKER,251
Berwick,2024,Presidential Electors,DEM,HARRIS and WALZ,425
Berwick,2024,Presidential Electors,REP,TRUMP and VANCE,1086
Berwick,2024,Presidential Electors,LIB,OLIVER and TER MAAT,7
Berwick,2024,Presidential Electors,GNP,STEIN and WARE,3
Berwick,2024,United States Senator,DEM,ROBERT P CASEY JR,416
Berwick,2024,United States Senator,REP,DAVE MCCORMICK,1039
Berwick,2024,United States Senator,LIB,JOHN C THOMAS,30
Berwick,2024,United States Senator,GNP,LEILA HAZOU,12
Berwick,2024,United States Senator,CST,MARTY SELKER,5
Berwick,2024,Attorney General,DEM,EUGENE DEPASQUALE,400
Berwick,2024,Attorney General,REP,DAVE SUNDAY,1056
Berwick,2024,Attorney General,LIB,ROBERT COWBURN,20
Berwick,2024,Attorney General,GNP,RICHARD L WEISS,12
Berwick,2024,Attorney General,CST,JUSTIN L MAGILL,7
Berwick,2024,Attorney General,FWD,ERIC L SETTLE,2
Berwick,2024,Auditor General,DEM,MALCOLM KENYATTA,374
Berwick,2024,Auditor General,REP,TIM DEFOOR,1045
Berwick,2024,Auditor General,LIB,REECE SMITH,36
Berwick,2024,Auditor General,ASP,ERIC K ANTON,3
Berwick,2024,Auditor General,CST,BOB GOODRICH,20
Berwick,2024,State Treasurer,DEM,ERIN MCCLELLAND,368
Berwick,2024,State Treasurer,REP,STACY GARRITY,1053
Berwick,2024,State Treasurer,LIB,NICKOLAS CIESIELSKI,19
Berwick,2024,State Treasurer,CST,TROY BOWMAN,17
Berwick,2024,State Treasurer,FWD,CHRIS FOSTER,8
Berwick,2024,Representative in Congress,DEM,BETH FARNHAM,409
Berwick,2024,Representative in Congress,REP,JOHN JOYCE,1086
Berwick,2024,Senator in the General Assembly,DEM,CAMERON SCHROY,431
Berwick,2024,Senator in the General Assembly,REP,DOUG MASTRIANO,1054
Berwick,2024,Representative in the General Assembly 193rd District,REP,TORREN ECKER,1230
Biglerville,2024,Presidential Electors,DEM,HARRIS and WALZ,198
Biglerville,2024,Presidential Electors,REP,TRUMP and VANCE,356
Biglerville,2024,Presidential Electors,LIB,OLIVER and TER MAAT,6
Biglerville,2024,Presidential Electors,GNP,STEIN and WARE,1
Biglerville,2024,United States Senator,DEM,ROBERT P CASEY JR,200
Biglerville,2024,United States Senator,REP,DAVE MCCORMICK,339
Biglerville,2024,United States Senator,LIB,JOHN C THOMAS,12
Biglerville,2024,United States Senator,GNP,LEILA HAZOU,3
Biglerville,2024,United States Senator,CST,MARTY SELKER,6
Biglerville,2024,Attorney General,DEM,EUGENE DEPASQUALE,180
Biglerville,2024,Attorney General,REP,DAVE SUNDAY,357
Biglerville,2024,Attorney General,LIB,ROBERT COWBURN,11
Biglerville,2024,Attorney General,GNP,RICHARD L WEISS,6
Biglerville,2024,Attorney General,CST,JUSTIN L MAGILL,4
Biglerville,2024,Attorney General,FWD,ERIC L SETTLE,4
Biglerville,2024,Auditor General,DEM,MALCOLM KENYATTA,173
Biglerville,2024,Auditor General,REP,TIM DEFOOR,369
Biglerville,2024,Auditor General,LIB,REECE SMITH,12
Biglerville,2024,Auditor General,ASP,ERIC K ANTON,1
Biglerville,2024,Auditor General,CST,BOB GOODRICH,3
Biglerville,2024,State Treasurer,DEM,ERIN MCCLELLAND,173
Biglerville,2024,State Treasurer,REP,STACY GARRITY,363
Biglerville,2024,State Treasurer,LIB,NICKOLAS CIESIELSKI,12
Biglerville,2024,State Treasurer,CST,TROY BOWMAN,3
Biglerville,2024,State Treasurer,FWD,CHRIS FOSTER,3
Biglerville,2024,Representative in Congress,DEM,BETH FARNHAM,190
Biglerville,2024,Representative in Congress,REP,JOHN JOYCE,366
Biglerville,2024,Senator in the General Assembly,DEM,CAMERON SCHROY,205
Biglerville,2024,Senator in the General Assembly,REP,DOUG MASTRIANO,348
Biglerville,2024,Representative in the General Assembly 193rd District,REP,TORREN ECKER,451
Bonneauville,2024,Presidential Electors,DEM,HARRIS and WALZ,262
Bonneauville,2024,Presidential Electors,REP,TRUMP and VANCE,613
Bonneauville,2024,Presidential Electors,LIB,OLIVER and TER MAAT,7
Bonneauville,2024,Presidential Electors,GNP,STEIN and WARE,1
Bonneauville,2024,United States Senator,DEM,ROBERT P CASEY JR,276
Bonneauville,2024,United States Senator,REP,DAVE MCCORMICK,570
Bonneauville,2024,United States Senator,LIB,JOHN C THOMAS,20
Bonneauville,2024,United States Senator,GNP,LEILA HAZOU,6
Bonneauville,2024,United States Senator,CST,MARTY SELKER,9
Bonneauville,2024,Attorney General,DEM,EUGENE DEPASQUALE,255
Bonneauville,2024,Attorney General,REP,DAVE SUNDAY,593
Bonneauville,2024,Attorney General,LIB,ROBERT COWBURN,16
Bonneauville,2024,Attorney General,GNP,RICHARD L WEISS,6
Bonneauville,2024,Attorney General,CST,JUSTIN L MAGILL,2
Bonneauville,2024,Attorney General,FWD,ERIC L SETTLE,3
Bonneauville,2024,Auditor General,DEM,MALCOLM KENYATTA,241
Bonneauville,2024,Auditor General,REP,TIM DEFOOR,585
Bonneauville,2024,Auditor General,LIB,REECE SMITH,22
Bonneauville,2024,Auditor General,ASP,ERIC K ANTON,5
Bonneauville,2024,Auditor General,CST,BOB GOODRICH,9
Bonneauville,2024,State Treasurer,DEM,ERIN MCCLELLAND,230
Bonneauville,2024,State Treasurer,REP,STACY GARRITY,602
Bonneauville,2024,State Treasurer,LIB,NICKOLAS CIESIELSKI,10
Bonneauville,2024,State Treasurer,CST,TROY BOWMAN,12
Bonneauville,2024,State Treasurer,FWD,CHRIS FOSTER,4
Bonneauville,2024,Representative in Congress,DEM,BETH FARNHAM,258
Bonneauville,2024,Representative in Congress,REP,JOHN JOYCE,612
Bonneauville,2024,Senator in the General Assembly,DEM,CAMERON SCHROY,262
Bonneauville,2024,Senator in the General Assembly,REP,DOUG MASTRIANO,609
Bonneauville,2024,Representative in the General Assembly 91st District,REP,DAN MOUL,725
Butler,2024,Presidential Electors,DEM,HARRIS and WALZ,377
Butler,2024,Presidential Electors,REP,TRUMP and VANCE,1066
Butler,2024,Presidential Electors,LIB,OLIVER and TER MAAT,9
Butler,2024,Presidential Electors,GNP,STEIN and WARE,4
Butler,2024,United States Senator,DEM,ROBERT P CASEY JR,400
Butler,2024,United States Senator,REP,DAVE MCCORMICK,980
Butler,2024,United States Senator,LIB,JOHN C THOMAS,41
Butler,2024,United States Senator,GNP,LEILA HAZOU,15
Butler,2024,United States Senator,CST,MARTY SELKER,10
Butler,2024,Attorney General,DEM,EUGENE DEPASQUALE,348
Butler,2024,Attorney General,REP,DAVE SUNDAY,1016
Butler,2024,Attorney General,LIB,ROBERT COWBURN,39
Butler,2024,Attorney General,GNP,RICHARD L WEISS,20
Butler,2024,Attorney General,CST,JUSTIN L MAGILL,7
Butler,2024,Attorney General,FWD,ERIC L SETTLE,3
Butler,2024,Auditor General,DEM,MALCOLM KENYATTA,308
Butler,2024,Auditor General,REP,TIM DEFOOR,1043
Butler,2024,Auditor General,LIB,REECE SMITH,48
Butler,2024,Auditor General,ASP,ERIC K ANTON,6
Butler,2024,Auditor General,CST,BOB GOODRICH,16
Butler,2024,State Treasurer,DEM,ERIN MCCLELLAND,303
Butler,2024,State Treasurer,REP,STACY GARRITY,1060
Butler,2024,State Treasurer,LIB,NICKOLAS CIESIELSKI,34
Butler,2024,State Treasurer,CST,TROY BOWMAN,10
Butler,2024,State Treasurer,FWD,CHRIS FOSTER,7
Butler,2024,Representative in Congress,DEM,BETH FARNHAM,349
Butler,2024,Representative in Congress,REP,JOHN JOYCE,1078
Butler,2024,Senator in the General Assembly,DEM,CAMERON SCHROY,402
Butler,2024,Senator in the General Assembly,REP,DOUG MASTRIANO,1012
Butler,2024,Representative in the General Assembly 193rd District,REP,TORREN ECKER,1227
Carroll Valley 1,2024,Presidential Electors,DEM,HARRIS and WALZ,472
Carroll Valley 1,2024,Presidential Electors,REP,TRUMP and VANCE,993
Carroll Valley 1,2024,Presidential Electors,LIB,OLIVER and TER MAAT,10
Carroll Valley 1,2024,Presidential Electors,GNP,STEIN and WARE,7
Carroll Valley 1,2024,United States Senator,DEM,ROBERT P CASEY JR,462
Carroll Valley 1,2024,United States Senator,REP,DAVE MCCORMICK,954
Carroll Valley 1,2024,United States Senator,LIB,JOHN C THOMAS,21
Carroll Valley 1,2024,United States Senator,GNP,LEILA HAZOU,13
Carroll Valley 1,2024,United States Senator,CST,MARTY SELKER,15
Carroll Valley 1,2024,Attorney General,DEM,EUGENE DEPASQUALE,440
Carroll Valley 1,2024,Attorney General,REP,DAVE SUNDAY,968
Carroll Valley 1,2024,Attorney General,LIB,ROBERT COWBURN,25
Carroll Valley 1,2024,Attorney General,GNP,RICHARD L WEISS,7
Carroll Valley 1,2024,Attorney General,CST,JUSTIN L MAGILL,13
Carroll Valley 1,2024,Attorney General,FWD,ERIC L SETTLE,4
Carroll Valley 1,2024,Auditor General,DEM,MALCOLM KENYATTA,415
Carroll Valley 1,2024,Auditor General,REP,TIM DEFOOR,964
Carroll Valley 1,2024,Auditor General,LIB,REECE SMITH,42
Carroll Valley 1,2024,Auditor General,ASP,ERIC K ANTON,6
Carroll Valley 1,2024,Auditor General,CST,BOB GOODRICH,15
Carroll Valley 1,2024,State Treasurer,DEM,ERIN MCCLELLAND,412
Carroll Valley 1,2024,State Treasurer,REP,STACY GARRITY,971
Carroll Valley 1,2024,State Treasurer,LIB,NICKOLAS CIESIELSKI,26
Carroll Valley 1,2024,State Treasurer,CST,TROY BOWMAN,16
Carroll Valley 1,2024,State Treasurer,FWD,CHRIS FOSTER,6
Carroll Valley 1,2024,Representative in Congress,DEM,BETH FARNHAM,448
Carroll Valley 1,2024,Representative in Congress,REP,JOHN JOYCE,1013
Carroll Valley 1,2024,Senator in the General Assembly,DEM,CAMERON SCHROY,476
Carroll Valley 1,2024,Senator in the General Assembly,REP,DOUG MASTRIANO,975
Carroll Valley 1,2024,Representative in the General Assembly 91st District,REP,DAN MOUL,1175
Carroll Valley 2,2024,Presidential Electors,DEM,HARRIS and WALZ,359
Carroll Valley 2,2024,Presidential Electors,REP,TRUMP and VANCE,825
Carroll Valley 2,2024,Presidential Electors,LIB,OLIVER and TER MAAT,5
Carroll Valley 2,2024,Presidential Electors,GNP,STEIN and WARE,6
Carroll Valley 2,2024,United States Senator,DEM,ROBERT P CASEY JR,352
Carroll Valley 2,2024,United States Senator,REP,DAVE MCCORMICK,797
Carroll Valley 2,2024,United States Senator,LIB,JOHN C THOMAS,21
Carroll Valley 2,2024,United States Senator,GNP,LEILA HAZOU,10
Carroll Valley 2,2024,United States Senator,CST,MARTY SELKER,6
Carroll Valley 2,2024,Attorney General,DEM,EUGENE DEPASQUALE,314
Carroll Valley 2,2024,Attorney General,REP,DAVE SUNDAY,825
Carroll Valley 2,2024,Attorney General,LIB,ROBERT COWBURN,16
Carroll Valley 2,2024,Attorney General,GNP,RICHARD L WEISS,11
Carroll Valley 2,2024,Attorney General,CST,JUSTIN L MAGILL,7
Carroll Valley 2,2024,Attorney General,FWD,ERIC L SETTLE,1
Carroll Valley 2,2024,Auditor General,DEM,MALCOLM KENYATTA,308
Carroll Valley 2,2024,Auditor General,REP,TIM DEFOOR,806
Carroll Valley 2,2024,Auditor General,LIB,REECE SMITH,29
Carroll Valley 2,2024,Auditor General,ASP,ERIC K ANTON,8
Carroll Valley 2,2024,Auditor General,CST,BOB GOODRICH,8
Carroll Valley 2,2024,State Treasurer,DEM,ERIN MCCLELLAND,302
Carroll Valley 2,2024,State Treasurer,REP,STACY GARRITY,819
Carroll Valley 2,2024,State Treasurer,LIB,NICKOLAS CIESIELSKI,17
Carroll Valley 2,2024,State Treasurer,CST,TROY BOWMAN,13
Carroll Valley 2,2024,State Treasurer,FWD,CHRIS FOSTER,3
Carroll Valley 2,2024,Representative in Congress,DEM,BETH FARNHAM,350
Carroll Valley 2,2024,Representative in Congress,REP,JOHN JOYCE,828
Carroll Valley 2,2024,Senator in the General Assembly,DEM,CAMERON SCHROY,354
Carroll Valley 2,2024,Senator in the General Assembly,REP,DOUG MASTRIANO,817
Carroll Valley 2,2024,Representative in the General Assembly 91st District,REP,DAN MOUL,939
Conewago 1,2024,Presidential Electors,DEM,HARRIS and WALZ,503
Conewago 1,2024,Presidential Electors,REP,TRUMP and VANCE,957
Conewago 1,2024,Presidential Electors,LIB,OLIVER and TER MAAT,5
Conewago 1,2024,Presidential Electors,GNP,STEIN and WARE,8
Conewago 1,2024,United States Senator,DEM,ROBERT P CASEY JR,503
Conewago 1,2024,United States Senator,REP,DAVE MCCORMICK,914
Conewago 1,2024,United States Senator,LIB,JOHN C THOMAS,25
Conewago 1,2024,United States Senator,GNP,LEILA HAZOU,14
Conewago 1,2024,United States Senator,CST,MARTY SELKER,13
Conewago 1,2024,Attorney General,DEM,EUGENE DEPASQUALE,470
Conewago 1,2024,Attorney General,REP,DAVE SUNDAY,957
Conewago 1,2024,Attorney General,LIB,ROBERT COWBURN,19
Conewago 1,2024,Attorney General,GNP,RICHARD L WEISS,13
Conewago 1,2024,Attorney General,CST,JUSTIN L MAGILL,6
Conewago 1,2024,Attorney General,FWD,ERIC L SETTLE,2
Conewago 1,2024,Auditor General,DEM,MALCOLM KENYATTA,440
Conewago 1,2024,Auditor General,REP,TIM DEFOOR,942
Conewago 1,2024,Auditor General,LIB,REECE SMITH,34
Conewago 1,2024,Auditor General,ASP,ERIC K ANTON,5
Conewago 1,2024,Auditor General,CST,BOB GOODRICH,18
Conewago 1,2024,State Treasurer,DEM,ERIN MCCLELLAND,441
Conewago 1,2024,State Treasurer,REP,STACY GARRITY,958
Conewago 1,2024,State Treasurer,LIB,NICKOLAS CIESIELSKI,25
Conewago 1,2024,State Treasurer,CST,TROY BOWMAN,12
Conewago 1,2024,State Treasurer,FWD,CHRIS FOSTER,7
Conewago 1,2024,Representative in Congress,DEM,BETH FARNHAM,474
Conewago 1,2024,Representative in Congress,REP,JOHN JOYCE,980
Conewago 1,2024,Senator in the General Assembly,DEM,CAMERON SCHROY,508
Conewago 1,2024,Senator in the General Assembly,REP,DOUG MASTRIANO,943
Conewago 1,2024,Representative in the General Assembly 91st District,REP,DAN MOUL,1187
Conewago 2,2024,Presidential Electors,DEM,HARRIS and WALZ,420
Conewago 2,2024,Presidential Electors,REP,TRUMP and VANCE,1051
Conewago 2,2024,Presidential Electors,LIB,OLIVER and TER MAAT,10
Conewago 2,2024,Presidential Electors,GNP,STEIN and WARE,5
Conewago 2,2024,United States Senator,DEM,ROBERT P CASEY JR,438
Conewago 2,2024,United States Senator,REP,DAVE MCCORMICK,998
Conewago 2,2024,United States Senator,LIB,JOHN C THOMAS,18
Conewago 2,2024,United States Senator,GNP,LEILA HAZOU,14
Conewago 2,2024,United States Senator,CST,MARTY SELKER,6
Conewago 2,2024,Attorney General,DEM,EUGENE DEPASQUALE,398
Conewago 2,2024,Attorney General,REP,DAVE SUNDAY,1026
Conewago 2,2024,Attorney General,LIB,ROBERT COWBURN,22
Conewago 2,2024,Attorney General,GNP,RICHARD L WEISS,10
Conewago 2,2024,Attorney General,CST,JUSTIN L MAGILL,8
Conewago 2,2024,Attorney General,FWD,ERIC L SETTLE,1
Conewago 2,2024,Auditor General,DEM,MALCOLM KENYATTA,373
Conewago 2,2024,Auditor General,REP,TIM DEFOOR,1031
Conewago 2,2024,Auditor General,LIB,REECE SMITH,36
Conewago 2,2024,Auditor General,ASP,ERIC K ANTON,3
Conewago 2,2024,Auditor General,CST,BOB GOODRICH,11
Conewago 2,2024,State Treasurer,DEM,ERIN MCCLELLAND,373
Conewago 2,2024,State Treasurer,REP,STACY GARRITY,1044
Conewago 2,2024,State Treasurer,LIB,NICKOLAS CIESIELSKI,21
Conewago 2,2024,State Treasurer,CST,TROY BOWMAN,12
Conewago 2,2024,State Treasurer,FWD,CHRIS FOSTER,1
Conewago 2,2024,Representative in Congress,DEM,BETH FARNHAM,407
Conewago 2,2024,Representative in Congress,REP,JOHN JOYCE,1058
Conewago 2,2024,Senator in the General Assembly,DEM,CAMERON SCHROY,430
Conewago 2,2024,Senator in the General Assembly,REP,DOUG MASTRIANO,1024
Conewago 2,2024,Representative in the General Assembly 91st District,REP,DAN MOUL,1229
Conewago 3,2024,Presidential Electors,DEM,HARRIS and WALZ,442
Conewago 3,2024,Presidential Electors,REP,TRUMP and VANCE,1019
Conewago 3,2024,Presidential Electors,LIB,OLIVER and TER MAAT,7
Conewago 3,2024,Presidential Electors,GNP,STEIN and WARE,3
Conewago 3,2024,United States Senator,DEM,ROBERT P CASEY JR,454
Conewago 3,2024,United States Senator,REP,DAVE MCCORMICK,974
Conewago 3,2024,United States Senator,LIB,JOHN C THOMAS,18
Conewago 3,2024,United States Senator,GNP,LEILA HAZOU,18
Conewago 3,2024,United States Senator,CST,MARTY SELKER,4
Conewago 3,2024,Attorney General,DEM,EUGENE DEPASQUALE,428
Conewago 3,2024,Attorney General,REP,DAVE SUNDAY,995
Conewago 3,2024,Attorney General,LIB,ROBERT COWBURN,17
Conewago 3,2024,Attorney General,GNP,RICHARD L WEISS,11
Conewago 3,2024,Attorney General,CST,JUSTIN L MAGILL,9
Conewago 3,2024,Attorney General,FWD,ERIC L SETTLE,2
Conewago 3,2024,Auditor General,DEM,MALCOLM KENYATTA,403
Conewago 3,2024,Auditor General,REP,TIM DEFOOR,1004
Conewago 3,2024,Auditor General,LIB,REECE SMITH,29
Conewago 3,2024,Auditor General,ASP,ERIC K ANTON,3
Conewago 3,2024,Auditor General,CST,BOB GOODRICH,13
Conewago 3,2024,State Treasurer,DEM,ERIN MCCLELLAND,404
Conewago 3,2024,State Treasurer,REP,STACY GARRITY,1003
Conewago 3,2024,State Treasurer,LIB,NICKOLAS CIESIELSKI,23
Conewago 3,2024,State Treasurer,CST,TROY BOWMAN,14
Conewago 3,2024,State Treasurer,FWD,CHRIS FOSTER,3
Conewago 3,2024,Representative in Congress,DEM,BETH FARNHAM,427
Conewago 3,2024,Representative in Congress,REP,JOHN JOYCE,1028
Conewago 3,2024,Senator in the General Assembly,DEM,CAMERON SCHROY,437
Conewago 3,2024,Senator in the General Assembly,REP,DOUG MASTRIANO,1012
Conewago 3,2024,Representative in the General Assembly 91st District,REP,DAN MOUL,1189
Cumberland 1,2024,Presidential Electors,DEM,HARRIS and WALZ,615
Cumberland 1,2024,Presidential Electors,REP,TRUMP and VANCE,715
Cumberland 1,2024,Presidential Electors,LIB,OLIVER and TER MAAT,7
Cumberland 1,2024,Presidential Electors,GNP,STEIN and WARE,8
Cumberland 1,2024,United States Senator,DEM,ROBERT P CASEY JR,604
Cumberland 1,2024,United States Senator,REP,DAVE MCCORMICK,689
Cumberland 1,2024,United States Senator,LIB,JOHN C THOMAS,21
Cumberland 1,2024,United States Senator,GNP,LEILA HAZOU,13
Cumberland 1,2024,United States Senator,CST,MARTY SELKER,6
Cumberland 1,2024,Attorney General,DEM,EUGENE DEPASQUALE,557
Cumberland 1,2024,Attorney General,REP,DAVE SUNDAY,726
Cumberland 1,2024,Attorney General,LIB,ROBERT COWBURN,25
Cumberland 1,2024,Attorney General,GNP,RICHARD L WEISS,12
Cumberland 1,2024,Attorney General,CST,JUSTIN L MAGILL,7
Cumberland 1,2024,Attorney General,FWD,ERIC L SETTLE,6
Cumberland 1,2024,Auditor General,DEM,MALCOLM KENYATTA,545
Cumberland 1,2024,Auditor General,REP,TIM DEFOOR,727
Cumberland 1,2024,Auditor General,LIB,REECE SMITH,31
Cumberland 1,2024,Auditor General,ASP,ERIC K ANTON,5
Cumberland 1,2024,Auditor General,CST,BOB GOODRICH,11
Cumberland 1,2024,State Treasurer,DEM,ERIN MCCLELLAND,532
Cumberland 1,2024,State Treasurer,REP,STACY GARRITY,733
Cumberland 1,2024,State Treasurer,LIB,NICKOLAS CIESIELSKI,25
Cumberland 1,2024,State Treasurer,CST,TROY BOWMAN,14
Cumberland 1,2024,State Treasurer,FWD,CHRIS FOSTER,7
Cumberland 1,2024,Representative in Congress,DEM,BETH FARNHAM,585
Cumberland 1,2024,Representative in Congress,REP,JOHN JOYCE,737
Cumberland 1,2024,Senator in the General Assembly,DEM,CAMERON SCHROY,625
Cumberland 1,2024,Senator in the General Assembly,REP,DOUG MASTRIANO,687
Cumberland 1,2024,Representative in the General Assembly 91st District,REP,DAN MOUL,924
Cumberland 2,2024,Presidential Electors,DEM,HARRIS and WALZ,311
Cumberland 2,2024,Presidential Electors,REP,TRUMP and VANCE,658
Cumberland 2,2024,Presidential Electors,LIB,OLIVER and TER MAAT,4
Cumberland 2,2024,Presidential Electors,GNP,STEIN and WARE,6
Cumberland 2,2024,United States Senator,DEM,ROBERT P CASEY JR,316
Cumberland 2,2024,United States Senator,REP,DAVE MCCORMICK,636
Cumberland 2,2024,United States Senator,LIB,JOHN C THOMAS,12
Cumberland 2,2024,United States Senator,GNP,LEILA HAZOU,6
Cumberland 2,2024,United States Senator,CST,MARTY SELKER,3
Cumberland 2,2024,Attorney General,DEM,EUGENE DEPASQUALE,299
Cumberland 2,2024,Attorney General,REP,DAVE SUNDAY,648
Cumberland 2,2024,Attorney General,LIB,ROBERT COWBURN,7
Cumberland 2,2024,Attorney General,GNP,RICHARD L WEISS,6
Cumberland 2,2024,Attorney General,CST,JUSTIN L MAGILL,6
Cumberland 2,2024,Auditor General,DEM,MALCOLM KENYATTA,270
Cumberland 2,2024,Auditor General,REP,TIM DEFOOR,656
Cumberland 2,2024,Auditor General,LIB,REECE SMITH,12
Cumberland 2,2024,Auditor General,ASP,ERIC K ANTON,4
Cumberland 2,2024,Auditor General,CST,BOB GOODRICH,14
Cumberland 2,2024,State Treasurer,DEM,ERIN MCCLELLAND,272
Cumberland 2,2024,State Treasurer,REP,STACY GARRITY,653
Cumberland 2,2024,State Treasurer,LIB,NICKOLAS CIESIELSKI,10
Cumberland 2,2024,State Treasurer,CST,TROY BOWMAN,10
Cumberland 2,2024,State Treasurer,FWD,CHRIS FOSTER,2
Cumberland 2,2024,Representative in Congress,DEM,BETH FARNHAM,294
Cumberland 2,2024,Representative in Congress,REP,JOHN JOYCE,673
Cumberland 2,2024,Senator in the General Assembly,DEM,CAMERON SCHROY,318
Cumberland 2,2024,Senator in the General Assembly,REP,DOUG MASTRIANO,644
Cumberland 2,2024,Representative in the General Assembly 91st District,REP,DAN MOUL,772
Cumberland 3,2024,Presidential Electors,DEM,HARRIS and WALZ,552
Cumberland 3,2024,Presidential Electors,REP,TRUMP and VANCE,614
Cumberland 3,2024,Presidential Electors,LIB,OLIVER and TER MAAT,3
Cumberland 3,2024,Presidential Electors,GNP,STEIN and WARE,5
Cumberland 3,2024,United States Senator,DEM,ROBERT P CASEY JR,541
Cumberland 3,2024,United States Senator,REP,DAVE MCCORMICK,605
Cumberland 3,2024,United States Senator,LIB,JOHN C THOMAS,21
Cumberland 3,2024,United States Senator,GNP,LEILA HAZOU,5
Cumberland 3,2024,United States Senator,CST,MARTY SELKER,6
Cumberland 3,2024,Attorney General,DEM,EUGENE DEPASQUALE,510
Cumberland 3,2024,Attorney General,REP,DAVE SUNDAY,633
Cumberland 3,2024,Attorney General,LIB,ROBERT COWBURN,17
Cumberland 3,2024,Attorney General,GNP,RICHARD L WEISS,4
Cumberland 3,2024,Attorney General,CST,JUSTIN L MAGILL,6
Cumberland 3,2024,Attorney General,FWD,ERIC L SETTLE,2
Cumberland 3,2024,Auditor General,DEM,MALCOLM KENYATTA,490
Cumberland 3,2024,Auditor General,REP,TIM DEFOOR,632
Cumberland 3,2024,Auditor General,LIB,REECE SMITH,26
Cumberland 3,2024,Auditor General,ASP,ERIC K ANTON,1
Cumberland 3,2024,Auditor General,CST,BOB GOODRICH,12
Cumberland 3,2024,State Treasurer,DEM,ERIN MCCLELLAND,482
Cumberland 3,2024,State Treasurer,REP,STACY GARRITY,648
Cumberland 3,2024,State Treasurer,LIB,NICKOLAS CIESIELSKI,20
Cumberland 3,2024,State Treasurer,CST,TROY BOWMAN,8
Cumberland 3,2024,State Treasurer,FWD,CHRIS FOSTER,2
Cumberland 3,2024,Representative in Congress,DEM,BETH FARNHAM,519
Cumberland 3,2024,Representative in Congress,REP,JOHN JOYCE,653
Cumberland 3,2024,Senator in the General Assembly,DEM,CAMERON SCHROY,557
Cumberland 3,2024,Senator in the General Assembly,REP,DOUG MASTRIANO,605
Cumberland 3,2024,Representative in the General Assembly 91st District,REP,DAN MOUL,842
Cumberland 4,2024,Presidential Electors,DEM,HARRIS and WALZ,738
Cumberland 4,2024,Presidential Electors,REP,TRUMP and VANCE,668
Cumberland 4,2024,Presidential Electors,LIB,OLIVER and TER MAAT,16
Cumberland 4,2024,Presidential Electors,GNP,STEIN and WARE,5
Cumberland 4,2024,United States Senator,DEM,ROBERT P CASEY JR,745
Cumberland 4,2024,United States Senator,REP,DAVE MCCORMICK,648
Cumberland 4,2024,United States Senator,LIB,JOHN C THOMAS,21
Cumberland 4,2024,United States Senator,GNP,LEILA HAZOU,9
Cumberland 4,2024,United States Senator,CST,MARTY SELKER,7
Cumberland 4,2024,Attorney General,DEM,EUGENE DEPASQUALE,683
Cumberland 4,2024,Attorney General,REP,DAVE SUNDAY,696
Cumberland 4,2024,Attorney General,LIB,ROBERT COWBURN,20
Cumberland 4,2024,Attorney General,GNP,RICHARD L WEISS,13
Cumberland 4,2024,Attorney General,CST,JUSTIN L MAGILL,9
Cumberland 4,2024,Attorney General,FWD,ERIC L SETTLE,2
Cumberland 4,2024,Auditor General,DEM,MALCOLM KENYATTA,652
Cumberland 4,2024,Auditor General,REP,TIM DEFOOR,699
Cumberland 4,2024,Auditor General,LIB,REECE SMITH,23
Cumberland 4,2024,Auditor General,ASP,ERIC K ANTON,4
Cumberland 4,2024,Auditor General,CST,BOB GOODRICH,18
Cumberland 4,2024,State Treasurer,DEM,ERIN MCCLELLAND,646
Cumberland 4,2024,State Treasurer,REP,STACY GARRITY,711
Cumberland 4,2024,State Treasurer,LIB,NICKOLAS CIESIELSKI,19
Cumberland 4,2024,State Treasurer,CST,TROY BOWMAN,8
Cumberland 4,2024,State Treasurer,FWD,CHRIS FOSTER,4
Cumberland 4,2024,Representative in Congress,DEM,BETH FARNHAM,688
Cumberland 4,2024,Representative in Congress,REP,JOHN JOYCE,726
Cumberland 4,2024,Senator in the General Assembly,DEM,CAMERON SCHROY,742
Cumberland 4,2024,Senator in the General Assembly,REP,DOUG MASTRIANO,663
Cumberland 4,2024,Representative in the General Assembly 91st District,REP,DAN MOUL,937
East Berlin,2024,Presidential Electors,DEM,HARRIS and WALZ,262
East Berlin,2024,Presidential Electors,REP,TRUMP and VANCE,612
East Berlin,2024,Presidential Electors,LIB,OLIVER and TER MAAT,4
East Berlin,2024,Presidential Electors,GNP,STEIN and WARE,5
East Berlin,2024,United States Senator,DEM,ROBERT P CASEY JR,278
East Berlin,2024,United States Senator,REP,DAVE MCCORMICK,577
East Berlin,2024,United States Senator,LIB,JOHN C THOMAS,12
East Berlin,2024,United States Senator,GNP,LEILA HAZOU,3
East Berlin,2024,United States Senator,CST,MARTY SELKER,9
East Berlin,2024,Attorney General,DEM,EUGENE DEPASQUALE,241
East Berlin,2024,Attorney General,REP,DAVE SUNDAY,611
East Berlin,2024,Attorney General,LIB,ROBERT COWBURN,8
East Berlin,2024,Attorney General,GNP,RICHARD L WEISS,8
East Berlin,2024,Attorney General,CST,JUSTIN L MAGILL,3
East Berlin,2024,Attorney General,FWD,ERIC L SETTLE,3
East Berlin,2024,Auditor General,DEM,MALCOLM KENYATTA,234
East Berlin,2024,Auditor General,REP,TIM DEFOOR,608
East Berlin,2024,Auditor General,LIB,REECE SMITH,13
East Berlin,2024,Auditor General,CST,BOB GOODRICH,13
East Berlin,2024,State Treasurer,DEM,ERIN MCCLELLAND,231
East Berlin,2024,State Treasurer,REP,STACY GARRITY,619
East Berlin,2024,State Treasurer,LIB,NICKOLAS CIESIELSKI,8
East Berlin,2024,State Treasurer,CST,TROY BOWMAN,7
East Berlin,2024,State Treasurer,FWD,CHRIS FOSTER,2
East Berlin,2024,Representative in Congress,DEM,BETH FARNHAM,244
East Berlin,2024,Representative in Congress,REP,JOHN JOYCE,624
East Berlin,2024,Senator in the General Assembly,DEM,CAMERON SCHROY,277
East Berlin,2024,Senator in the General Assembly,REP,DOUG MASTRIANO,592
East Berlin,2024,Representative in the General Assembly 193rd District,REP,TORREN ECKER,741
Fairfield,2024,Presidential Electors,DEM,HARRIS and WALZ,137
Fairfield,2024,Presidential Electors,REP,TRUMP and VANCE,201
Fairfield,2024,Presidential Electors,LIB,OLIVER and TER MAAT,1
Fairfield,2024,Presidential Electors,GNP,STEIN and WARE,1
Fairfield,2024,United States Senator,DEM,ROBERT P CASEY JR,139
Fairfield,2024,United States Senator,REP,DAVE MCCORMICK,182
Fairfield,2024,United States Senator,LIB,JOHN C THOMAS,7
Fairfield,2024,United States Senator,GNP,LEILA HAZOU,2
Fairfield,2024,United States Senator,CST,MARTY SELKER,1
Fairfield,2024,Attorney General,DEM,EUGENE DEPASQUALE,126
Fairfield,2024,Attorney General,REP,DAVE SUNDAY,189
Fairfield,2024,Attorney General,LIB,ROBERT COWBURN,7
Fairfield,2024,Attorney General,GNP,RICHARD L WEISS,1
Fairfield,2024,Attorney General,CST,JUSTIN L MAGILL,2
Fairfield,2024,Attorney General,FWD,ERIC L SETTLE,2
Fairfield,2024,Auditor General,DEM,MALCOLM KENYATTA,116
Fairfield,2024,Auditor General,REP,TIM DEFOOR,191
Fairfield,2024,Auditor General,LIB,REECE SMITH,7
Fairfield,2024,Auditor General,ASP,ERIC K ANTON,2
Fairfield,2024,Auditor General,CST,BOB GOODRICH,5
Fairfield,2024,State Treasurer,DEM,ERIN MCCLELLAND,118
Fairfield,2024,State Treasurer,REP,STACY GARRITY,198
Fairfield,2024,State Treasurer,LIB,NICKOLAS CIESIELSKI,7
Fairfield,2024,State Treasurer,CST,TROY BOWMAN,1
Fairfield,2024,State Treasurer,FWD,CHRIS FOSTER,2
Fairfield,2024,Representative in Congress,DEM,BETH FARNHAM,128
Fairfield,2024,Representative in Congress,REP,JOHN JOYCE,201
Fairfield,2024,Senator in the General Assembly,DEM,CAMERON SCHROY,130
Fairfield,2024,Senator in the General Assembly,REP,DOUG MASTRIANO,198
Fairfield,2024,Representative in the General Assembly 91st District,REP,DAN MOUL,243
Franklin 1,2024,Presidential Electors,DEM,HARRIS and WALZ,453
Franklin 1,2024,Presidential Electors,REP,TRUMP and VANCE,1025
Franklin 1,2024,Presidential Electors,LIB,OLIVER and TER MAAT,12
Franklin 1,2024,Presidential Electors,GNP,STEIN and WARE,4
Franklin 1,2024,United States Senator,DEM,ROBERT P CASEY JR,441
Franklin 1,2024,United States Senator,REP,DAVE MCCORMICK,993
Franklin 1,2024,United States Senator,LIB,JOHN C THOMAS,32
Franklin 1,2024,United States Senator,GNP,LEILA HAZOU,11
Franklin 1,2024,United States Senator,CST,MARTY SELKER,8
Franklin 1,2024,Attorney General,DEM,EUGENE DEPASQUALE,430
Franklin 1,2024,Attorney General,REP,DAVE SUNDAY,991
Franklin 1,2024,Attorney General,LIB,ROBERT COWBURN,26
Franklin 1,2024,Attorney General,GNP,RICHARD L WEISS,10
Franklin 1,2024,Attorney General,CST,JUSTIN L MAGILL,11
Franklin 1,2024,Attorney General,FWD,ERIC L SETTLE,7
Franklin 1,2024,Auditor General,DEM,MALCOLM KENYATTA,396
Franklin 1,2024,Auditor General,REP,TIM DEFOOR,1015
Franklin 1,2024,Auditor General,LIB,REECE SMITH,34
Franklin 1,2024,Auditor General,CST,BOB GOODRICH,18
Franklin 1,2024,State Treasurer,DEM,ERIN MCCLELLAND,388
Franklin 1,2024,State Treasurer,REP,STACY GARRITY,1026
Franklin 1,2024,State Treasurer,LIB,NICKOLAS CIESIELSKI,33
Franklin 1,2024,State Treasurer,CST,TROY BOWMAN,8
Franklin 1,2024,State Treasurer,FWD,CHRIS FOSTER,3
Franklin 1,2024,Representative in Congress,DEM,BETH FARNHAM,429
Franklin 1,2024,Representative in Congress,REP,JOHN JOYCE,1048
Franklin 1,2024,Senator in the General Assembly,DEM,CAMERON SCHROY,461
Franklin 1,2024,Senator in the General Assembly,REP,DOUG MASTRIANO,1012
Franklin 1,2024,Representative in the General Assembly 91st District,REP,DAN MOUL,1182
Franklin 2,2024,Presidential Electors,DEM,HARRIS and WALZ,351
Franklin 2,2024,Presidential Electors,REP,TRUMP and VANCE,976
Franklin 2,2024,Presidential Electors,LIB,OLIVER and TER MAAT,10
Franklin 2,2024,Presidential Electors,GNP,STEIN and WARE,8
Franklin 2,2024,United States Senator,DEM,ROBERT P CASEY JR,362
Franklin 2,2024,United States Senator,REP,DAVE MCCORMICK,928
Franklin 2,2024,United States Senator,LIB,JOHN C THOMAS,22
Franklin 2,2024,United States Senator,GNP,LEILA HAZOU,8
Franklin 2,2024,United States Senator,CST,MARTY SELKER,9
Franklin 2,2024,Attorney General,DEM,EUGENE DEPASQUALE,314
Franklin 2,2024,Attorney General,REP,DAVE SUNDAY,962
Franklin 2,2024,Attorney General,LIB,ROBERT COWBURN,20
Franklin 2,2024,Attorney General,GNP,RICHARD L WEISS,8
Franklin 2,2024,Attorney General,CST,JUSTIN L MAGILL,11
Franklin 2,2024,Attorney General,FWD,ERIC L SETTLE,5
Franklin 2,2024,Auditor General,DEM,MALCOLM KENYATTA,299
Franklin 2,2024,Auditor General,REP,TIM DEFOOR,960
Franklin 2,2024,Auditor General,LIB,REECE SMITH,25
Franklin 2,2024,Auditor General,ASP,ERIC K ANTON,5
Franklin 2,2024,Auditor General,CST,BOB GOODRICH,18
Franklin 2,2024,State Treasurer,DEM,ERIN MCCLELLAND,303
Franklin 2,2024,State Treasurer,REP,STACY GARRITY,963
Franklin 2,2024,State Treasurer,LIB,NICKOLAS CIESIELSKI,13
Franklin 2,2024,State Treasurer,CST,TROY BOWMAN,9
Franklin 2,2024,State Treasurer,FWD,CHRIS FOSTER,10
Franklin 2,2024,Representative in Congress,DEM,BETH FARNHAM,332
Franklin 2,2024,Representative in Congress,REP,JOHN JOYCE,985
Franklin 2,2024,Senator in the General Assembly,DEM,CAMERON SCHROY,348
Franklin 2,2024,Senator in the General Assembly,REP,DOUG MASTRIANO,962
Franklin 2,2024,Representative in the General Assembly 91st District,REP,DAN MOUL,1115
Freedom,2024,Presidential Electors,DEM,HARRIS and WALZ,177
Freedom,2024,Presidential Electors,REP,TRUMP and VANCE,411
Freedom,2024,Presidential Electors,LIB,OLIVER and TER MAAT,4
Freedom,2024,Presidential Electors,GNP,STEIN and WARE,2
Freedom,2024,United States Senator,DEM,ROBERT P CASEY JR,174
Freedom,2024,United States Senator,REP,DAVE MCCORMICK,405
Freedom,2024,United States Senator,LIB,JOHN C THOMAS,9
Freedom,2024,United States Senator,GNP,LEILA HAZOU,8
Freedom,2024,United States Senator,CST,MARTY SELKER,3
Freedom,2024,Attorney General,DEM,EUGENE DEPASQUALE,164
Freedom,2024,Attorney General,REP,DAVE SUNDAY,408
Freedom,2024,Attorney General,LIB,ROBERT COWBURN,11
Freedom,2024,Attorney General,GNP,RICHARD L WEISS,5
Freedom,2024,Attorney General,CST,JUSTIN L MAGILL,1
Freedom,2024,Attorney General,FWD,ERIC L SETTLE,2
Freedom,2024,Auditor General,DEM,MALCOLM KENYATTA,149
Freedom,2024,Auditor General,REP,TIM DEFOOR,413
Freedom,2024,Auditor General,LIB,REECE SMITH,12
Freedom,2024,Auditor General,ASP,ERIC K ANTON,5
Freedom,2024,Auditor General,CST,BOB GOODRICH,6
Freedom,2024,State Treasurer,DEM,ERIN MCCLELLAND,154
Freedom,2024,State Treasurer,REP,STACY GARRITY,415
Freedom,2024,State Treasurer,LIB,NICKOLAS CIESIELSKI,10
Freedom,2024,State Treasurer,CST,TROY BOWMAN,3
Freedom,2024,State Treasurer,FWD,CHRIS FOSTER,3
Freedom,2024,Representative in Congress,DEM,BETH FARNHAM,167
Freedom,2024,Representative in Congress,REP,JOHN JOYCE,427
Freedom,2024,Senator in the General Assembly,DEM,CAMERON SCHROY,187
Freedom,2024,Senator in the General Assembly,REP,DOUG MASTRIANO,405
Freedom,2024,Representative in the General Assembly 91st District,REP,DAN MOUL,478
Germany,2024,Presidential Electors,DEM,HARRIS and WALZ,418
Germany,2024,Presidential Electors,REP,TRUMP and VANCE,1442
Germany,2024,Presidential Electors,LIB,OLIVER and TER MAAT,8
Germany,2024,Presidential Electors,GNP,STEIN and WARE,2
Germany,2024,United States Senator,DEM,ROBERT P CASEY JR,423
Germany,2024,United States Senator,REP,DAVE MCCORMICK,1376
Germany,2024,United States Senator,LIB,JOHN C THOMAS,39
Germany,2024,United States Senator,GNP,LEILA HAZOU,6
Germany,2024,United States Senator,CST,MARTY SELKER,7
Germany,2024,Attorney General,DEM,EUGENE DEPASQUALE,398
Germany,2024,Attorney General,REP,DAVE SUNDAY,1407
Germany,2024,Attorney General,LIB,ROBERT COWBURN,27
Germany,2024,Attorney General,GNP,RICHARD L WEISS,5
Germany,2024,Attorney General,CST,JUSTIN L MAGILL,8
Germany,2024,Attorney General,FWD,ERIC L SETTLE,0
Germany,2024,Auditor General,DEM,MALCOLM KENYATTA,374
Germany,2024,Auditor General,REP,TIM DEFOOR,1390
Germany,2024,Auditor General,LIB,REECE SMITH,38
Germany,2024,Auditor General,ASP,ERIC K ANTON,5
Germany,2024,Auditor General,CST,BOB GOODRICH,19
Germany,2024,State Treasurer,DEM,ERIN MCCLELLAND,376
Germany,2024,State Treasurer,REP,STACY GARRITY,1408
Germany,2024,State Treasurer,LIB,NICKOLAS CIESIELSKI,24
Germany,2024,State Treasurer,CST,TROY BOWMAN,10
Germany,2024,State Treasurer,FWD,CHRIS FOSTER,5
Germany,2024,Representative in Congress,DEM,BETH FARNHAM,398
Germany,2024,Representative in Congress,REP,JOHN JOYCE,1438
Germany,2024,Senator in the General Assembly,DEM,CAMERON SCHROY,399
Germany,2024,Senator in the General Assembly,REP,DOUG MASTRIANO,1425
Germany,2024,Representative in the General Assembly 91st District,REP,DAN MOUL,1570
Gettysburg 1,2024,Presidential Electors,DEM,HARRIS and WALZ,591
Gettysburg 1,2024,Presidential Electors,REP,TRUMP and VANCE,379
Gettysburg 1,2024,Presidential Electors,LIB,OLIVER and TER MAAT,4
Gettysburg 1,2024,Presidential Electors,GNP,STEIN and WARE,6
Gettysburg 1,2024,United States Senator,DEM,ROBERT P CASEY JR,574
Gettysburg 1,2024,United States Senator,REP,DAVE MCCORMICK,358
Gettysburg 1,2024,United States Senator,LIB,JOHN C THOMAS,15
Gettysburg 1,2024,United States Senator,GNP,LEILA HAZOU,19
Gettysburg 1,2024,United States Senator,CST,MARTY SELKER,7
Gettysburg 1,2024,Attorney General,DEM,EUGENE DEPASQUALE,549
Gettysburg 1,2024,Attorney General,REP,DAVE SUNDAY,368
Gettysburg 1,2024,Attorney General,LIB,ROBERT COWBURN,17
Gettysburg 1,2024,Attorney General,GNP,RICHARD L WEISS,19
Gettysburg 1,2024,Attorney General,CST,JUSTIN L MAGILL,5
Gettysburg 1,2024,Attorney General,FWD,ERIC L SETTLE,4
Gettysburg 1,2024,Auditor General,DEM,MALCOLM KENYATTA,539
Gettysburg 1,2024,Auditor General,REP,TIM DEFOOR,370
Gettysburg 1,2024,Auditor General,LIB,REECE SMITH,20
Gettysburg 1,2024,Auditor General,ASP,ERIC K ANTON,5
Gettysburg 1,2024,Auditor General,CST,BOB GOODRICH,14
Gettysburg 1,2024,State Treasurer,DEM,ERIN MCCLELLAND,536
Gettysburg 1,2024,State Treasurer,REP,STACY GARRITY,378
Gettysburg 1,2024,State Treasurer,LIB,NICKOLAS CIESIELSKI,11
Gettysburg 1,2024,State Treasurer,CST,TROY BOWMAN,12
Gettysburg 1,2024,State Treasurer,FWD,CHRIS FOSTER,8
Gettysburg 1,2024,Representative in Congress,DEM,BETH FARNHAM,570
Gettysburg 1,2024,Representative in Congress,REP,JOHN JOYCE,394
Gettysburg 1,2024,Senator in the General Assembly,DEM,CAMERON SCHROY,596
Gettysburg 1,2024,Senator in the General Assembly,REP,DOUG MASTRIANO,361
Gettysburg 1,2024,Representative in the General Assembly 91st District,REP,DAN MOUL,562
Gettysburg 2,2024,Presidential Electors,DEM,HARRIS and WALZ,950
Gettysburg 2,2024,Presidential Electors,REP,TRUMP and VANCE,328
Gettysburg 2,2024,Presidential Electors,LIB,OLIVER and TER MAAT,6
Gettysburg 2,2024,Presidential Electors,GNP,STEIN and WARE,4
Gettysburg 2,2024,United States Senator,DEM,ROBERT P CASEY JR,916
Gettysburg 2,2024,United States Senator,REP,DAVE MCCORMICK,316
Gettysburg 2,2024,United States Senator,LIB,JOHN C THOMAS,15
Gettysburg 2,2024,United States Senator,GNP,LEILA HAZOU,19
Gettysburg 2,2024,United States Senator,CST,MARTY SELKER,3
Gettysburg 2,2024,Attorney General,DEM,EUGENE DEPASQUALE,886
Gettysburg 2,2024,Attorney General,REP,DAVE SUNDAY,308
Gettysburg 2,2024,Attorney General,LIB,ROBERT COWBURN,19
Gettysburg 2,2024,Attorney General,GNP,RICHARD L WEISS,17
Gettysburg 2,2024,Attorney General,CST,JUSTIN L MAGILL,4
Gettysburg 2,2024,Attorney General,FWD,ERIC L SETTLE,4
Gettysburg 2,2024,Auditor General,DEM,MALCOLM KENYATTA,868
Gettysburg 2,2024,Auditor General,REP,TIM DEFOOR,319
Gettysburg 2,2024,Auditor General,LIB,REECE SMITH,22
Gettysburg 2,2024,Auditor General,ASP,ERIC K ANTON,5
Gettysburg 2,2024,Auditor General,CST,BOB GOODRICH,8
Gettysburg 2,2024,State Treasurer,DEM,ERIN MCCLELLAND,864
Gettysburg 2,2024,State Treasurer,REP,STACY GARRITY,313
Gettysburg 2,2024,State Treasurer,LIB,NICKOLAS CIESIELSKI,26
Gettysburg 2,2024,State Treasurer,CST,TROY BOWMAN,6
Gettysburg 2,2024,State Treasurer,FWD,CHRIS FOSTER,7
Gettysburg 2,2024,Representative in Congress,DEM,BETH FARNHAM,917
Gettysburg 2,2024,Representative in Congress,REP,JOHN JOYCE,323
Gettysburg 2,2024,Senator in the General Assembly,DEM,CAMERON SCHROY,918
Gettysburg 2,2024,Senator in the General Assembly,REP,DOUG MASTRIANO,310
Gettysburg 2,2024,Representative in the General Assembly 91st District,REP,DAN MOUL,596
Gettysburg 3,2024,Presidential Electors,DEM,HARRIS and WALZ,504
Gettysburg 3,2024,Presidential Electors,REP,TRUMP and VANCE,374
Gettysburg 3,2024,Presidential Electors,LIB,OLIVER and TER MAAT,3
Gettysburg 3,2024,Presidential Electors,GNP,STEIN and WARE,6
Gettysburg 3,2024,United States Senator,DEM,ROBERT P CASEY JR,493
Gettysburg 3,2024,United States Senator,REP,DAVE MCCORMICK,361
Gettysburg 3,2024,United States Senator,LIB,JOHN C THOMAS,17
Gettysburg 3,2024,United States Senator,GNP,LEILA HAZOU,10
Gettysburg 3,2024,United States Senator,CST,MARTY SELKER,6
Gettysburg 3,2024,Attorney General,DEM,EUGENE DEPASQUALE,469
Gettysburg 3,2024,Attorney General,REP,DAVE SUNDAY,385
Gettysburg 3,2024,Attorney General,LIB,ROBERT COWBURN,12
Gettysburg 3,2024,Attorney General,GNP,RICHARD L WEISS,5
Gettysburg 3,2024,Attorney General,CST,JUSTIN L MAGILL,6
Gettysburg 3,2024,Attorney General,FWD,ERIC L SETTLE,4
Gettysburg 3,2024,Auditor General,DEM,MALCOLM KENYATTA,463
Gettysburg 3,2024,Auditor General,REP,TIM DEFOOR,385
Gettysburg 3,2024,Auditor General,LIB,REECE SMITH,15
Gettysburg 3,2024,Auditor General,ASP,ERIC K ANTON,4
Gettysburg 3,2024,Auditor General,CST,BOB GOODRICH,13
Gettysburg 3,2024,State Treasurer,DEM,ERIN MCCLELLAND,458
Gettysburg 3,2024,State Treasurer,REP,STACY GARRITY,391
Gettysburg 3,2024,State Treasurer,LIB,NICKOLAS CIESIELSKI,16
Gettysburg 3,2024,State Treasurer,CST,TROY BOWMAN,7
Gettysburg 3,2024,State Treasurer,FWD,CHRIS FOSTER,4
Gettysburg 3,2024,Representative in Congress,DEM,BETH FARNHAM,484
Gettysburg 3,2024,Representative in Congress,REP,JOHN JOYCE,399
Gettysburg 3,2024,Senator in the General Assembly,DEM,CAMERON SCHROY,500
Gettysburg 3,2024,Senator in the General Assembly,REP,DOUG MASTRIANO,380
Gettysburg 3,2024,Representative in the General Assembly 91st District,REP,DAN MOUL,556
Hamilton,2024,Presidential Electors,DEM,HARRIS and WALZ,382
Hamilton,2024,Presidential Electors,REP,TRUMP and VANCE,1199
Hamilton,2024,Presidential Electors,LIB,OLIVER and TER MAAT,7
Hamilton,2024,Presidential Electors,GNP,STEIN and WARE,1
Hamilton,2024,United States Senator,DEM,ROBERT P CASEY JR,391
Hamilton,2024,United States Senator,REP,DAVE MCCORMICK,1150
Hamilton,2024,United States Senator,LIB,JOHN C THOMAS,24
Hamilton,2024,United States Senator,GNP,LEILA HAZOU,9
Hamilton,2024,United States Senator,CST,MARTY SELKER,9
Hamilton,2024,Attorney General,DEM,EUGENE DEPASQUALE,366
Hamilton,2024,Attorney General,REP,DAVE SUNDAY,1166
Hamilton,2024,Attorney General,LIB,ROBERT COWBURN,29
Hamilton,2024,Attorney General,GNP,RICHARD L WEISS,7
Hamilton,2024,Attorney General,CST,JUSTIN L MAGILL,5
Hamilton,2024,Attorney General,FWD,ERIC L SETTLE,5
Hamilton,2024,Auditor General,DEM,MALCOLM KENYATTA,339
Hamilton,2024,Auditor General,REP,TIM DEFOOR,1172
Hamilton,2024,Auditor General,LIB,REECE SMITH,35
Hamilton,2024,Auditor General,ASP,ERIC K ANTON,3
Hamilton,2024,Auditor General,CST,BOB GOODRICH,20
Hamilton,2024,State Treasurer,DEM,ERIN MCCLELLAND,340
Hamilton,2024,State Treasurer,REP,STACY GARRITY,1180
Hamilton,2024,State Treasurer,LIB,NICKOLAS CIESIELSKI,26
Hamilton,2024,State Treasurer,CST,TROY BOWMAN,14
Hamilton,2024,State Treasurer,FWD,CHRIS FOSTER,4
Hamilton,2024,Representative in Congress,DEM,BETH FARNHAM,358
Hamilton,2024,Representative in Congress,REP,JOHN JOYCE,1214
Hamilton,2024,Senator in the General Assembly,DEM,CAMERON SCHROY,392
Hamilton,2024,Senator in the General Assembly,REP,DOUG MASTRIANO,1179
Hamilton,2024,Representative in the General Assembly 193rd District,REP,TORREN ECKER,1363
Hamiltonban,2024,Presidential Electors,DEM,HARRIS and WALZ,340
Hamiltonban,2024,Presidential Electors,REP,TRUMP and VANCE,1044
Hamiltonban,2024,Presidential Electors,LIB,OLIVER and TER MAAT,7
Hamiltonban,2024,Presidential Electors,GNP,STEIN and WARE,3
Hamiltonban,2024,United States Senator,DEM,ROBERT P CASEY JR,354
Hamiltonban,2024,United States Senator,REP,DAVE MCCORMICK,990
Hamiltonban,2024,United States Senator,LIB,JOHN C THOMAS,14
Hamiltonban,2024,United States Senator,GNP,LEILA HAZOU,8
Hamiltonban,2024,United States Senator,CST,MARTY SELKER,13
Hamiltonban,2024,Attorney General,DEM,EUGENE DEPASQUALE,323
Hamiltonban,2024,Attorney General,REP,DAVE SUNDAY,1024
Hamiltonban,2024,Attorney General,LIB,ROBERT COWBURN,10
Hamiltonban,2024,Attorney General,GNP,RICHARD L WEISS,7
Hamiltonban,2024,Attorney General,CST,JUSTIN L MAGILL,7
Hamiltonban,2024,Attorney General,FWD,ERIC L SETTLE,3
Hamiltonban,2024,Auditor General,DEM,MALCOLM KENYATTA,308
Hamiltonban,2024,Auditor General,REP,TIM DEFOOR,1004
Hamiltonban,2024,Auditor General,LIB,REECE SMITH,24
Hamiltonban,2024,Auditor General,ASP,ERIC K ANTON,3
Hamiltonban,2024,Auditor General,CST,BOB GOODRICH,18
Hamiltonban,2024,State Treasurer,DEM,ERIN MCCLELLAND,296
Hamiltonban,2024,State Treasurer,REP,STACY GARRITY,1023
Hamiltonban,2024,State Treasurer,LIB,NICKOLAS CIESIELSKI,19
Hamiltonban,2024,State Treasurer,CST,TROY BOWMAN,9
Hamiltonban,2024,State Treasurer,FWD,CHRIS FOSTER,5
Hamiltonban,2024,Representative in Congress,DEM,BETH FARNHAM,339
Hamiltonban,2024,Representative in Congress,REP,JOHN JOYCE,1032
Hamiltonban,2024,Senator in the General Assembly,DEM,CAMERON SCHROY,351
Hamiltonban,2024,Senator in the General Assembly,REP,DOUG MASTRIANO,1023
Hamiltonban,2024,Representative in the General Assembly 91st District,REP,DAN MOUL,1142
Highland,2024,Presidential Electors,DEM,HARRIS and WALZ,200
Highland,2024,Presidential Electors,REP,TRUMP and VANCE,468
Highland,2024,Presidential Electors,LIB,OLIVER and TER MAAT,2
Highland,2024,Presidential Electors,GNP,STEIN and WARE,1
Highland,2024,United States Senator,DEM,ROBERT P CASEY JR,209
Highland,2024,United States Senator,REP,DAVE MCCORMICK,448
Highland,2024,United States Senator,LIB,JOHN C THOMAS,9
Highland,2024,United States Senator,GNP,LEILA HAZOU,3
Highland,2024,United States Senator,CST,MARTY SELKER,0
Highland,2024,Attorney General,DEM,EUGENE DEPASQUALE,193
Highland,2024,Attorney General,REP,DAVE SUNDAY,460
Highland,2024,Attorney General,LIB,ROBERT COWBURN,7
Highland,2024,Attorney General,GNP,RICHARD L WEISS,2
Highland,2024,Attorney General,CST,JUSTIN L MAGILL,1
Highland,2024,Attorney General,FWD,ERIC L SETTLE,3
Highland,2024,Auditor General,DEM,MALCOLM KENYATTA,177
Highland,2024,Auditor General,REP,TIM DEFOOR,468
Highland,2024,Auditor General,LIB,REECE SMITH,10
Highland,2024,Auditor General,ASP,ERIC K ANTON,0
Highland,2024,Auditor General,CST,BOB GOODRICH,4
Highland,2024,State Treasurer,DEM,ERIN MCCLELLAND,174
Highland,2024,State Treasurer,REP,STACY GARRITY,472
Highland,2024,State Treasurer,LIB,NICKOLAS CIESIELSKI,5
Highland,2024,State Treasurer,CST,TROY BOWMAN,2
Highland,2024,State Treasurer,FWD,CHRIS FOSTER,1
Highland,2024,Representative in Congress,DEM,BETH FARNHAM,189
Highland,2024,Representative in Congress,REP,JOHN JOYCE,477
Highland,2024,Senator in the General Assembly,DEM,CAMERON SCHROY,202
Highland,2024,Senator in the General Assembly,REP,DOUG MASTRIANO,461
Highland,2024,Representative in the General Assembly 91st District,REP,DAN MOUL,540
Huntington,2024,Presidential Electors,DEM,HARRIS and WALZ,279
Huntington,2024,Presidential Electors,REP,TRUMP and VANCE,1077
Huntington,2024,Presidential Electors,LIB,OLIVER and TER MAAT,2
Huntington,2024,Presidential Electors,GNP,STEIN and WARE,5
Huntington,2024,United States Senator,DEM,ROBERT P CASEY JR,278
Huntington,2024,United States Senator,REP,DAVE MCCORMICK,1043
Huntington,2024,United States Senator,LIB,JOHN C THOMAS,15
Huntington,2024,United States Senator,GNP,LEILA HAZOU,6
Huntington,2024,United States Senator,CST,MARTY SELKER,9
Huntington,2024,Attorney General,DEM,EUGENE DEPASQUALE,261
Huntington,2024,Attorney General,REP,DAVE SUNDAY,1069
Huntington,2024,Attorney General,LIB,ROBERT COWBURN,9
Huntington,2024,Attorney General,GNP,RICHARD L WEISS,8
Huntington,2024,Attorney General,CST,JUSTIN L MAGILL,5
Huntington,2024,Auditor General,DEM,MALCOLM KENYATTA,226
Huntington,2024,Auditor General,REP,TIM DEFOOR,1081
Huntington,2024,Auditor General,LIB,REECE SMITH,17
Huntington,2024,Auditor General,ASP,ERIC K ANTON,3
Huntington,2024,Auditor General,CST,BOB GOODRICH,13
Huntington,2024,State Treasurer,DEM,ERIN MCCLELLAND,221
Huntington,2024,State Treasurer,REP,STACY GARRITY,1088
Huntington,2024,State Treasurer,LIB,NICKOLAS CIESIELSKI,15
Huntington,2024,State Treasurer,CST,TROY BOWMAN,7
Huntington,2024,State Treasurer,FWD,CHRIS FOSTER,4
Huntington,2024,Representative in Congress,DEM,BETH FARNHAM,252
Huntington,2024,Representative in Congress,REP,JOHN JOYCE,1095
Huntington,2024,Senator in the General Assembly,DEM,CAMERON SCHROY,290
Huntington,2024,Senator in the General Assembly,REP,DOUG MASTRIANO,1055
Huntington,2024,Representative in the General Assembly 193rd District,REP,TORREN ECKER,1201
Latimore,2024,Presidential Electors,DEM,HARRIS and WALZ,468
Latimore,2024,Presidential Electors,REP,TRUMP and VANCE,1192
Latimore,2024,Presidential Electors,LIB,OLIVER and TER MAAT,9
Latimore,2024,Presidential Electors,GNP,STEIN and WARE,7
Latimore,2024,United States Senator,DEM,ROBERT P CASEY JR,454
Latimore,2024,United States Senator,REP,DAVE MCCORMICK,1160
Latimore,2024,United States Senator,LIB,JOHN C THOMAS,35
Latimore,2024,United States Senator,GNP,LEILA HAZOU,14
Latimore,2024,United States Senator,CST,MARTY SELKER,15
Latimore,2024,Attorney General,DEM,EUGENE DEPASQUALE,418
Latimore,2024,Attorney General,REP,DAVE SUNDAY,1189
Latimore,2024,Attorney General,LIB,ROBERT COWBURN,29
Latimore,2024,Attorney General,GNP,RICHARD L WEISS,15
Latimore,2024,Attorney General,CST,JUSTIN L MAGILL,8
Latimore,2024,Attorney General,FWD,ERIC L SETTLE,5
Latimore,2024,Auditor General,DEM,MALCOLM KENYATTA,379
Latimore,2024,Auditor General,REP,TIM DEFOOR,1200
Latimore,2024,Auditor General,LIB,REECE SMITH,45
Latimore,2024,Auditor General,ASP,ERIC K ANTON,4
Latimore,2024,Auditor General,CST,BOB GOODRICH,24
Latimore,2024,State Treasurer,DEM,ERIN MCCLELLAND,369
Latimore,2024,State Treasurer,REP,STACY GARRITY,1220
Latimore,2024,State Treasurer,LIB,NICKOLAS CIESIELSKI,30
Latimore,2024,State Treasurer,CST,TROY BOWMAN,14
Latimore,2024,State Treasurer,FWD,CHRIS FOSTER,10
Latimore,2024,Representative in Congress,DEM,BETH FARNHAM,417
Latimore,2024,Representative in Congress,REP,JOHN JOYCE,1243
Latimore,2024,Senator in the General Assembly,DEM,CAMERON SCHROY,462
Latimore,2024,Senator in the General Assembly,REP,DOUG MASTRIANO,1190
Latimore,2024,Representative in the General Assembly 193rd District,REP,TORREN ECKER,1392
Liberty,2024,Presidential Electors,DEM,HARRIS and WALZ,242
Liberty,2024,Presidential Electors,REP,TRUMP and VANCE,663
Liberty,2024,Presidential Electors,LIB,OLIVER and TER MAAT,7
Liberty,2024,Presidential Electors,GNP,STEIN and WARE,3
Liberty,2024,United States Senator,DEM,ROBERT P CASEY JR,254
Liberty,2024,United States Senator,REP,DAVE MCCORMICK,630
Liberty,2024,United States Senator,LIB,JOHN C THOMAS,14
Liberty,2024,United States Senator,GNP,LEILA HAZOU,5
Liberty,2024,United States Senator,CST,MARTY SELKER,0
Liberty,2024,Attorney General,DEM,EUGENE DEPASQUALE,229
Liberty,2024,Attorney General,REP,DAVE SUNDAY,636
Liberty,2024,Attorney General,LIB,ROBERT COWBURN,21
Liberty,2024,Attorney General,GNP,RICHARD L WEISS,4
Liberty,2024,Attorney General,CST,JUSTIN L MAGILL,5
Liberty,2024,Attorney General,FWD,ERIC L SETTLE,2
Liberty,2024,Auditor General,DEM,MALCOLM KENYATTA,215
Liberty,2024,Auditor General,REP,TIM DEFOOR,639
Liberty,2024,Auditor General,LIB,REECE SMITH,21
Liberty,2024,Auditor General,ASP,ERIC K ANTON,1
Liberty,2024,Auditor General,CST,BOB GOODRICH,7
Liberty,2024,State Treasurer,DEM,ERIN MCCLELLAND,214
Liberty,2024,State Treasurer,REP,STACY GARRITY,646
Liberty,2024,State Treasurer,LIB,NICKOLAS CIESIELSKI,12
Liberty,2024,State Treasurer,CST,TROY BOWMAN,7
Liberty,2024,State Treasurer,FWD,CHRIS FOSTER,1
Liberty,2024,Representative in Congress,DEM,BETH FARNHAM,231
Liberty,2024,Representative in Congress,REP,JOHN JOYCE,664
Liberty,2024,Senator in the General Assembly,DEM,CAMERON SCHROY,240
Liberty,2024,Senator in the General Assembly,REP,DOUG MASTRIANO,649
Liberty,2024,Representative in the General Assembly 91st District,REP,DAN MOUL,725
Littlestown 1,2024,Presidential Electors,DEM,HARRIS and WALZ,284
Littlestown 1,2024,Presidential Electors,REP,TRUMP and VANCE,868
Littlestown 1,2024,Presidential Electors,LIB,OLIVER and TER MAAT,10
Littlestown 1,2024,Presidential Electors,GNP,STEIN and WARE,4
Littlestown 1,2024,United States Senator,DEM,ROBERT P CASEY JR,289
Littlestown 1,2024,United States Senator,REP,DAVE MCCORMICK,830
Littlestown 1,2024,United States Senator,LIB,JOHN C THOMAS,26
Littlestown 1,2024,United States Senator,GNP,LEILA HAZOU,8
Littlestown 1,2024,United States Senator,CST,MARTY SELKER,6
Littlestown 1,2024,Attorney General,DEM,EUGENE DEPASQUALE,269
Littlestown 1,2024,Attorney General,REP,DAVE SUNDAY,832
Littlestown 1,2024,Attorney General,LIB,ROBERT COWBURN,25
Littlestown 1,2024,Attorney General,GNP,RICHARD L WEISS,6
Littlestown 1,2024,Attorney General,CST,JUSTIN L MAGILL,14
Littlestown 1,2024,Attorney General,FWD,ERIC L SETTLE,1
Littlestown 1,2024,Auditor General,DEM,MALCOLM KENYATTA,249
Littlestown 1,2024,Auditor General,REP,TIM DEFOOR,847
Littlestown 1,2024,Auditor General,LIB,REECE SMITH,30
Littlestown 1,2024,Auditor General,ASP,ERIC K ANTON,2
Littlestown 1,2024,Auditor General,CST,BOB GOODRICH,14
Littlestown 1,2024,State Treasurer,DEM,ERIN MCCLELLAND,239
Littlestown 1,2024,State Treasurer,REP,STACY GARRITY,852
Littlestown 1,2024,State Treasurer,LIB,NICKOLAS CIESIELSKI,27
Littlestown 1,2024,State Treasurer,CST,TROY BOWMAN,10
Littlestown 1,2024,State Treasurer,FWD,CHRIS FOSTER,7
Littlestown 1,2024,Representative in Congress,DEM,BETH FARNHAM,274
Littlestown 1,2024,Representative in Congress,REP,JOHN JOYCE,875
Littlestown 1,2024,Senator in the General Assembly,DEM,CAMERON SCHROY,280
Littlestown 1,2024,Senator in the General Assembly,REP,DOUG MASTRIANO,861
Littlestown 1,2024,Representative in the General Assembly 91st District,REP,DAN MOUL,1008
Littlestown 2,2024,Presidential Electors,DEM,HARRIS and WALZ,404
Littlestown 2,2024,Presidential Electors,REP,TRUMP and VANCE,968
Littlestown 2,2024,Presidential Electors,LIB,OLIVER and TER MAAT,11
Littlestown 2,2024,Presidential Electors,GNP,STEIN and WARE,3
Littlestown 2,2024,United States Senator,DEM,ROBERT P CASEY JR,408
Littlestown 2,2024,United States Senator,REP,DAVE MCCORMICK,924
Littlestown 2,2024,United States Senator,LIB,JOHN C THOMAS,26
Littlestown 2,2024,United States Senator,GNP,LEILA HAZOU,11
Littlestown 2,2024,United States Senator,CST,MARTY SELKER,5
Littlestown 2,2024,Attorney General,DEM,EUGENE DEPASQUALE,369
Littlestown 2,2024,Attorney General,REP,DAVE SUNDAY,965
Littlestown 2,2024,Attorney General,LIB,ROBERT COWBURN,19
Littlestown 2,2024,Attorney General,GNP,RICHARD L WEISS,11
Littlestown 2,2024,Attorney General,CST,JUSTIN L MAGILL,6
Littlestown 2,2024,Attorney General,FWD,ERIC L SETTLE,1
Littlestown 2,2024,Auditor General,DEM,MALCOLM KENYATTA,353
Littlestown 2,2024,Auditor General,REP,TIM DEFOOR,962
Littlestown 2,2024,Auditor General,LIB,REECE SMITH,25
Littlestown 2,2024,Auditor General,ASP,ERIC K ANTON,2
Littlestown 2,2024,Auditor General,CST,BOB GOODRICH,10
Littlestown 2,2024,State Treasurer,DEM,ERIN MCCLELLAND,351
Littlestown 2,2024,State Treasurer,REP,STACY GARRITY,963
Littlestown 2,2024,State Treasurer,LIB,NICKOLAS CIESIELSKI,19
Littlestown 2,2024,State Treasurer,CST,TROY BOWMAN,11
Littlestown 2,2024,State Treasurer,FWD,CHRIS FOSTER,5
Littlestown 2,2024,Representative in Congress,DEM,BETH FARNHAM,390
Littlestown 2,2024,Representative in Congress,REP,JOHN JOYCE,980
Littlestown 2,2024,Senator in the General Assembly,DEM,CAMERON SCHROY,402
Littlestown 2,2024,Senator in the General Assembly,REP,DOUG MASTRIANO,955
Littlestown 2,2024,Representative in the General Assembly 91st District,REP,DAN MOUL,1115
McSherrystown 1,2024,Presidential Electors,DEM,HARRIS and WALZ,285
McSherrystown 1,2024,Presidential Electors,REP,TRUMP and VANCE,525
McSherrystown 1,2024,Presidential Electors,LIB,OLIVER and TER MAAT,5
McSherrystown 1,2024,Presidential Electors,GNP,STEIN and WARE,4
McSherrystown 1,2024,United States Senator,DEM,ROBERT P CASEY JR,283
McSherrystown 1,2024,United States Senator,REP,DAVE MCCORMICK,488
McSherrystown 1,2024,United States Senator,LIB,JOHN C THOMAS,21
McSherrystown 1,2024,United States Senator,GNP,LEILA HAZOU,9
McSherrystown 1,2024,United States Senator,CST,MARTY SELKER,8
McSherrystown 1,2024,Attorney General,DEM,EUGENE DEPASQUALE,258
McSherrystown 1,2024,Attorney General,REP,DAVE SUNDAY,518
McSherrystown 1,2024,Attorney General,LIB,ROBERT COWBURN,17
McSherrystown 1,2024,Attorney General,GNP,RICHARD L WEISS,9
McSherrystown 1,2024,Attorney General,CST,JUSTIN L MAGILL,3
McSherrystown 1,2024,Attorney General,FWD,ERIC L SETTLE,4
McSherrystown 1,2024,Auditor General,DEM,MALCOLM KENYATTA,251
McSherrystown 1,2024,Auditor General,REP,TIM DEFOOR,503
McSherrystown 1,2024,Auditor General,LIB,REECE SMITH,21
McSherrystown 1,2024,Auditor General,ASP,ERIC K ANTON,5
McSherrystown 1,2024,Auditor General,CST,BOB GOODRICH,17
McSherrystown 1,2024,State Treasurer,DEM,ERIN MCCLELLAND,254
McSherrystown 1,2024,State Treasurer,REP,STACY GARRITY,519
McSherrystown 1,2024,State Treasurer,LIB,NICKOLAS CIESIELSKI,17
McSherrystown 1,2024,State Treasurer,CST,TROY BOWMAN,5
McSherrystown 1,2024,State Treasurer,FWD,CHRIS FOSTER,2
McSherrystown 1,2024,Representative in Congress,DEM,BETH FARNHAM,271
McSherrystown 1,2024,Representative in Congress,REP,JOHN JOYCE,531
McSherrystown 1,2024,Senator in the General Assembly,DEM,CAMERON SCHROY,279
McSherrystown 1,2024,Senator in the General Assembly,REP,DOUG MASTRIANO,518
McSherrystown 1,2024,Representative in the General Assembly 91st District,REP,DAN MOUL,653
McSherrystown 2,2024,Presidential Electors,DEM,HARRIS and WALZ,190
McSherrystown 2,2024,Presidential Electors,REP,TRUMP and VANCE,391
McSherrystown 2,2024,Presidential Electors,LIB,OLIVER and TER MAAT,5
McSherrystown 2,2024,Presidential Electors,GNP,STEIN and WARE,0
McSherrystown 2,2024,United States Senator,DEM,ROBERT P CASEY JR,188
McSherrystown 2,2024,United States Senator,REP,DAVE MCCORMICK,368
McSherrystown 2,2024,United States Senator,LIB,JOHN C THOMAS,14
McSherrystown 2,2024,United States Senator,GNP,LEILA HAZOU,7
McSherrystown 2,2024,United States Senator,CST,MARTY SELKER,3
McSherrystown 2,2024,Attorney General,DEM,EUGENE DEPASQUALE,173
McSherrystown 2,2024,Attorney General,REP,DAVE SUNDAY,392
McSherrystown 2,2024,Attorney General,LIB,ROBERT COWBURN,8
McSherrystown 2,2024,Attorney General,GNP,RICHARD L WEISS,3
McSherrystown 2,2024,Attorney General,CST,JUSTIN L MAGILL,3
McSherrystown 2,2024,Attorney General,FWD,ERIC L SETTLE,3
McSherrystown 2,2024,Auditor General,DEM,MALCOLM KENYATTA,172
McSherrystown 2,2024,Auditor General,REP,TIM DEFOOR,377
McSherrystown 2,2024,Auditor General,LIB,REECE SMITH,17
McSherrystown 2,2024,Auditor General,ASP,ERIC K ANTON,2
McSherrystown 2,2024,Auditor General,CST,BOB GOODRICH,8
McSherrystown 2,2024,State Treasurer,DEM,ERIN MCCLELLAND,170
McSherrystown 2,2024,State Treasurer,REP,STACY GARRITY,386
McSherrystown 2,2024,State Treasurer,LIB,NICKOLAS CIESIELSKI,10
McSherrystown 2,2024,State Treasurer,CST,TROY BOWMAN,3
McSherrystown 2,2024,State Treasurer,FWD,CHRIS FOSTER,4
McSherrystown 2,2024,Representative in Congress,DEM,BETH FARNHAM,189
McSherrystown 2,2024,Representative in Congress,REP,JOHN JOYCE,390
McSherrystown 2,2024,Senator in the General Assembly,DEM,CAMERON SCHROY,188
McSherrystown 2,2024,Senator in the General Assembly,REP,DOUG MASTRIANO,388
McSherrystown 2,2024,Representative in the General Assembly 91st District,REP,DAN MOUL,488
Menallen,2024,Presidential Electors,DEM,HARRIS and WALZ,523
Menallen,2024,Presidential Electors,REP,TRUMP and VANCE,1453
Menallen,2024,Presidential Electors,LIB,OLIVER and TER MAAT,9
Menallen,2024,Presidential Electors,GNP,STEIN and WARE,2
Menallen,2024,United States Senator,DEM,ROBERT P CASEY JR,528
Menallen,2024,United States Senator,REP,DAVE MCCORMICK,1409
Menallen,2024,United States Senator,LIB,JOHN C THOMAS,25
Menallen,2024,United States Senator,GNP,LEILA HAZOU,12
Menallen,2024,United States Senator,CST,MARTY SELKER,13
Menallen,2024,Attorney General,DEM,EUGENE DEPASQUALE,510
Menallen,2024,Attorney General,REP,DAVE SUNDAY,1420
Menallen,2024,Attorney General,LIB,ROBERT COWBURN,25
Menallen,2024,Attorney General,GNP,RICHARD L WEISS,4
Menallen,2024,Attorney General,CST,JUSTIN L MAGILL,14
Menallen,2024,Attorney General,FWD,ERIC L SETTLE,6
Menallen,2024,Auditor General,DEM,MALCOLM KENYATTA,447
Menallen,2024,Auditor General,REP,TIM DEFOOR,1451
Menallen,2024,Auditor General,LIB,REECE SMITH,31
Menallen,2024,Auditor General,ASP,ERIC K ANTON,3
Menallen,2024,Auditor General,CST,BOB GOODRICH,22
Menallen,2024,State Treasurer,DEM,ERIN MCCLELLAND,448
Menallen,2024,State Treasurer,REP,STACY GARRITY,1456
Menallen,2024,State Treasurer,LIB,NICKOLAS CIESIELSKI,20
Menallen,2024,State Treasurer,CST,TROY BOWMAN,17
Menallen,2024,State Treasurer,FWD,CHRIS FOSTER,4
Menallen,2024,Representative in Congress,DEM,BETH FARNHAM,496
Menallen,2024,Representative in Congress,REP,JOHN JOYCE,1474
Menallen,2024,Senator in the General Assembly,DEM,CAMERON SCHROY,523
Menallen,2024,Senator in the General Assembly,REP,DOUG MASTRIANO,1436
Menallen,2024,Representative in the General Assembly 193rd District,REP,TORREN ECKER,1643
Mt Joy 1,2024,Presidential Electors,DEM,HARRIS and WALZ,459
Mt Joy 1,2024,Presidential Electors,REP,TRUMP and VANCE,710
Mt Joy 1,2024,Presidential Electors,LIB,OLIVER and TER MAAT,9
Mt Joy 1,2024,Presidential Electors,GNP,STEIN and WARE,11
Mt Joy 1,2024,United States Senator,DEM,ROBERT P CASEY JR,454
Mt Joy 1,2024,United States Senator,REP,DAVE MCCORMICK,691
Mt Joy 1,2024,United States Senator,LIB,JOHN C THOMAS,23
Mt Joy 1,2024,United States Senator,GNP,LEILA HAZOU,4
Mt Joy 1,2024,United States Senator,CST,MARTY SELKER,3
Mt Joy 1,2024,Attorney General,DEM,EUGENE DEPASQUALE,411
Mt Joy 1,2024,Attorney General,REP,DAVE SUNDAY,727
Mt Joy 1,2024,Attorney General,LIB,ROBERT COWBURN,21
Mt Joy 1,2024,Attorney General,GNP,RICHARD L WEISS,8
Mt Joy 1,2024,Attorney General,CST,JUSTIN L MAGILL,6
Mt Joy 1,2024,Attorney General,FWD,ERIC L SETTLE,0
Mt Joy 1,2024,Auditor General,DEM,MALCOLM KENYATTA,404
Mt Joy 1,2024,Auditor General,REP,TIM DEFOOR,721
Mt Joy 1,2024,Auditor General,LIB,REECE SMITH,34
Mt Joy 1,2024,Auditor General,ASP,ERIC K ANTON,1
Mt Joy 1,2024,Auditor General,CST,BOB GOODRICH,8
Mt Joy 1,2024,State Treasurer,DEM,ERIN MCCLELLAND,387
Mt Joy 1,2024,State Treasurer,REP,STACY GARRITY,740
Mt Joy 1,2024,State Treasurer,LIB,NICKOLAS CIESIELSKI,21
Mt Joy 1,2024,State Treasurer,CST,TROY BOWMAN,8
Mt Joy 1,2024,State Treasurer,FWD,CHRIS FOSTER,2
Mt Joy 1,2024,Representative in Congress,DEM,BETH FARNHAM,420
Mt Joy 1,2024,Representative in Congress,REP,JOHN JOYCE,751
Mt Joy 1,2024,Senator in the General Assembly,DEM,CAMERON SCHROY,452
Mt Joy 1,2024,Senator in the General Assembly,REP,DOUG MASTRIANO,710
Mt Joy 1,2024,Representative in the General Assembly 91st District,REP,DAN MOUL,881
Mt Joy 2,2024,Presidential Electors,DEM,HARRIS and WALZ,423
Mt Joy 2,2024,Presidential Electors,REP,TRUMP and VANCE,925
Mt Joy 2,2024,Presidential Electors,LIB,OLIVER and TER MAAT,7
Mt Joy 2,2024,Presidential Electors,GNP,STEIN and WARE,4
Mt Joy 2,2024,United States Senator,DEM,ROBERT P CASEY JR,415
Mt Joy 2,2024,United States Senator,REP,DAVE MCCORMICK,896
Mt Joy 2,2024,United States Senator,LIB,JOHN C THOMAS,24
Mt Joy 2,2024,United States Senator,GNP,LEILA HAZOU,8
Mt Joy 2,2024,United States Senator,CST,MARTY SELKER,4
Mt Joy 2,2024,Attorney General,DEM,EUGENE DEPASQUALE,374
Mt Joy 2,2024,Attorney General,REP,DAVE SUNDAY,930
Mt Joy 2,2024,Attorney General,LIB,ROBERT COWBURN,15
Mt Joy 2,2024,Attorney General,GNP,RICHARD L WEISS,10
Mt Joy 2,2024,Attorney General,CST,JUSTIN L MAGILL,5
Mt Joy 2,2024,Attorney General,FWD,ERIC L SETTLE,5
Mt Joy 2,2024,Auditor General,DEM,MALCOLM KENYATTA,354
Mt Joy 2,2024,Auditor General,REP,TIM DEFOOR,912
Mt Joy 2,2024,Auditor General,LIB,REECE SMITH,29
Mt Joy 2,2024,Auditor General,ASP,ERIC K ANTON,5
Mt Joy 2,2024,Auditor General,CST,BOB GOODRICH,15
Mt Joy 2,2024,State Treasurer,DEM,ERIN MCCLELLAND,358
Mt Joy 2,2024,State Treasurer,REP,STACY GARRITY,913
Mt Joy 2,2024,State Treasurer,LIB,NICKOLAS CIESIELSKI,20
Mt Joy 2,2024,State Treasurer,CST,TROY BOWMAN,10
Mt Joy 2,2024,State Treasurer,FWD,CHRIS FOSTER,6
Mt Joy 2,2024,Representative in Congress,DEM,BETH FARNHAM,394
Mt Joy 2,2024,Representative in Congress,REP,JOHN JOYCE,937
Mt Joy 2,2024,Senator in the General Assembly,DEM,CAMERON SCHROY,412
Mt Joy 2,2024,Senator in the General Assembly,REP,DOUG MASTRIANO,913
Mt Joy 2,2024,Representative in the General Assembly 91st District,REP,DAN MOUL,1057
Mt Pleasant 1,2024,Presidential Electors,DEM,HARRIS and WALZ,477
Mt Pleasant 1,2024,Presidential Electors,REP,TRUMP and VANCE,1123
Mt Pleasant 1,2024,Presidential Electors,LIB,OLIVER and TER MAAT,14
Mt Pleasant 1,2024,Presidential Electors,GNP,STEIN and WARE,7
Mt Pleasant 1,2024,United States Senator,DEM,ROBERT P CASEY JR,496
Mt Pleasant 1,2024,United States Senator,REP,DAVE MCCORMICK,1068
Mt Pleasant 1,2024,United States Senator,LIB,JOHN C THOMAS,29
Mt Pleasant 1,2024,United States Senator,GNP,LEILA HAZOU,9
Mt Pleasant 1,2024,United States Senator,CST,MARTY SELKER,6
Mt Pleasant 1,2024,Attorney General,DEM,EUGENE DEPASQUALE,453
Mt Pleasant 1,2024,Attorney General,REP,DAVE SUNDAY,1105
Mt Pleasant 1,2024,Attorney General,LIB,ROBERT COWBURN,17
Mt Pleasant 1,2024,Attorney General,GNP,RICHARD L WEISS,13
Mt Pleasant 1,2024,Attorney General,CST,JUSTIN L MAGILL,9
Mt Pleasant 1,2024,Attorney General,FWD,ERIC L SETTLE,4
Mt Pleasant 1,2024,Auditor General,DEM,MALCOLM KENYATTA,430
Mt Pleasant 1,2024,Auditor General,REP,TIM DEFOOR,1114
Mt Pleasant 1,2024,Auditor General,LIB,REECE SMITH,22
Mt Pleasant 1,2024,Auditor General,ASP,ERIC K ANTON,3
Mt Pleasant 1,2024,Auditor General,CST,BOB GOODRICH,18
Mt Pleasant 1,2024,State Treasurer,DEM,ERIN MCCLELLAND,418
Mt Pleasant 1,2024,State Treasurer,REP,STACY GARRITY,1130
Mt Pleasant 1,2024,State Treasurer,LIB,NICKOLAS CIESIELSKI,22
Mt Pleasant 1,2024,State Treasurer,CST,TROY BOWMAN,11
Mt Pleasant 1,2024,State Treasurer,FWD,CHRIS FOSTER,3
Mt Pleasant 1,2024,Representative in Congress,DEM,BETH FARNHAM,453
Mt Pleasant 1,2024,Representative in Congress,REP,JOHN JOYCE,1150
Mt Pleasant 1,2024,Senator in the General Assembly,DEM,CAMERON SCHROY,486
Mt Pleasant 1,2024,Senator in the General Assembly,REP,DOUG MASTRIANO,1106
Mt Pleasant 1,2024,Representative in the General Assembly 91st District,REP,DAN MOUL,1324
Mt Pleasant 2,2024,Presidential Electors,DEM,HARRIS and WALZ,231
Mt Pleasant 2,2024,Presidential Electors,REP,TRUMP and VANCE,724
Mt Pleasant 2,2024,Presidential Electors,LIB,OLIVER and TER MAAT,8
Mt Pleasant 2,2024,Presidential Electors,GNP,STEIN and WARE,3
Mt Pleasant 2,2024,United States Senator,DEM,ROBERT P CASEY JR,261
Mt Pleasant 2,2024,United States Senator,REP,DAVE MCCORMICK,670
Mt Pleasant 2,2024,United States Senator,LIB,JOHN C THOMAS,21
Mt Pleasant 2,2024,United States Senator,GNP,LEILA HAZOU,8
Mt Pleasant 2,2024,United States Senator,CST,MARTY SELKER,2
Mt Pleasant 2,2024,Attorney General,DEM,EUGENE DEPASQUALE,232
Mt Pleasant 2,2024,Attorney General,REP,DAVE SUNDAY,703
Mt Pleasant 2,2024,Attorney General,LIB,ROBERT COWBURN,17
Mt Pleasant 2,2024,Attorney General,GNP,RICHARD L WEISS,4
Mt Pleasant 2,2024,Attorney General,CST,JUSTIN L MAGILL,4
Mt Pleasant 2,2024,Attorney General,FWD,ERIC L SETTLE,0
Mt Pleasant 2,2024,Auditor General,DEM,MALCOLM KENYATTA,222
Mt Pleasant 2,2024,Auditor General,REP,TIM DEFOOR,699
Mt Pleasant 2,2024,Auditor General,LIB,REECE SMITH,25
Mt Pleasant 2,2024,Auditor General,ASP,ERIC K ANTON,5
Mt Pleasant 2,2024,Auditor General,CST,BOB GOODRICH,8
Mt Pleasant 2,2024,State Treasurer,DEM,ERIN MCCLELLAND,203
Mt Pleasant 2,2024,State Treasurer,REP,STACY GARRITY,726
Mt Pleasant 2,2024,State Treasurer,LIB,NICKOLAS CIESIELSKI,14
Mt Pleasant 2,2024,State Treasurer,CST,TROY BOWMAN,9
Mt Pleasant 2,2024,State Treasurer,FWD,CHRIS FOSTER,3
Mt Pleasant 2,2024,Representative in Congress,DEM,BETH FARNHAM,237
Mt Pleasant 2,2024,Representative in Congress,REP,JOHN JOYCE,723
Mt Pleasant 2,2024,Senator in the General Assembly,DEM,CAMERON SCHROY,248
Mt Pleasant 2,2024,Senator in the General Assembly,REP,DOUG MASTRIANO,709
Mt Pleasant 2,2024,Representative in the General Assembly 91st District,REP,DAN MOUL,843
New Oxford,2024,Presidential Electors,DEM,HARRIS and WALZ,308
New Oxford,2024,Presidential Electors,REP,TRUMP and VANCE,507
New Oxford,2024,Presidential Electors,LIB,OLIVER and TER MAAT,4
New Oxford,2024,Presidential Electors,GNP,STEIN and WARE,5
New Oxford,2024,United States Senator,DEM,ROBERT P CASEY JR,317
New Oxford,2024,United States Senator,REP,DAVE MCCORMICK,467
New Oxford,2024,United States Senator,LIB,JOHN C THOMAS,13
New Oxford,2024,United States Senator,GNP,LEILA HAZOU,12
New Oxford,2024,United States Senator,CST,MARTY SELKER,9
New Oxford,2024,Attorney General,DEM,EUGENE DEPASQUALE,295
New Oxford,2024,Attorney General,REP,DAVE SUNDAY,488
New Oxford,2024,Attorney General,LIB,ROBERT COWBURN,13
New Oxford,2024,Attorney General,GNP,RICHARD L WEISS,7
New Oxford,2024,Attorney General,CST,JUSTIN L MAGILL,6
New Oxford,2024,Attorney General,FWD,ERIC L SETTLE,7
New Oxford,2024,Auditor General,DEM,MALCOLM KENYATTA,283
New Oxford,2024,Auditor General,REP,TIM DEFOOR,486
New Oxford,2024,Auditor General,LIB,REECE SMITH,23
New Oxford,2024,Auditor General,ASP,ERIC K ANTON,7
New Oxford,2024,Auditor General,CST,BOB GOODRICH,13
New Oxford,2024,State Treasurer,DEM,ERIN MCCLELLAND,278
New Oxford,2024,State Treasurer,REP,STACY GARRITY,502
New Oxford,2024,State Treasurer,LIB,NICKOLAS CIESIELSKI,15
New Oxford,2024,State Treasurer,CST,TROY BOWMAN,10
New Oxford,2024,State Treasurer,FWD,CHRIS FOSTER,6
New Oxford,2024,Representative in Congress,DEM,BETH FARNHAM,309
New Oxford,2024,Representative in Congress,REP,JOHN JOYCE,505
New Oxford,2024,Senator in the General Assembly,DEM,CAMERON SCHROY,315
New Oxford,2024,Senator in the General Assembly,REP,DOUG MASTRIANO,497
New Oxford,2024,Representative in the General Assembly 193rd District,REP,TORREN ECKER,656
Oxford 1,2024,Presidential Electors,DEM,HARRIS and WALZ,576
Oxford 1,2024,Presidential Electors,REP,TRUMP and VANCE,1239
Oxford 1,2024,Presidential Electors,LIB,OLIVER and TER MAAT,2
Oxford 1,2024,Presidential Electors,GNP,STEIN and WARE,6
Oxford 1,2024,United States Senator,DEM,ROBERT P CASEY JR,573
Oxford 1,2024,United States Senator,REP,DAVE MCCORMICK,1163
Oxford 1,2024,United States Senator,LIB,JOHN C THOMAS,28
Oxford 1,2024,United States Senator,GNP,LEILA HAZOU,24
Oxford 1,2024,United States Senator,CST,MARTY SELKER,7
Oxford 1,2024,Attorney General,DEM,EUGENE DEPASQUALE,524
Oxford 1,2024,Attorney General,REP,DAVE SUNDAY,1208
Oxford 1,2024,Attorney General,LIB,ROBERT COWBURN,23
Oxford 1,2024,Attorney General,GNP,RICHARD L WEISS,15
Oxford 1,2024,Attorney General,CST,JUSTIN L MAGILL,7
Oxford 1,2024,Attorney General,FWD,ERIC L SETTLE,3
Oxford 1,2024,Auditor General,DEM,MALCOLM KENYATTA,520
Oxford 1,2024,Auditor General,REP,TIM DEFOOR,1203
Oxford 1,2024,Auditor General,LIB,REECE SMITH,38
Oxford 1,2024,Auditor General,ASP,ERIC K ANTON,4
Oxford 1,2024,Auditor General,CST,BOB GOODRICH,9
Oxford 1,2024,State Treasurer,DEM,ERIN MCCLELLAND,508
Oxford 1,2024,State Treasurer,REP,STACY GARRITY,1222
Oxford 1,2024,State Treasurer,LIB,NICKOLAS CIESIELSKI,19
Oxford 1,2024,State Treasurer,CST,TROY BOWMAN,9
Oxford 1,2024,State Treasurer,FWD,CHRIS FOSTER,0
Oxford 1,2024,Representative in Congress,DEM,BETH FARNHAM,552
Oxford 1,2024,Representative in Congress,REP,JOHN JOYCE,1235
Oxford 1,2024,Senator in the General Assembly,DEM,CAMERON SCHROY,570
Oxford 1,2024,Senator in the General Assembly,REP,DOUG MASTRIANO,1208
Oxford 1,2024,Representative in the General Assembly 193rd District,REP,TORREN ECKER,1478
Oxford 2,2024,Presidential Electors,DEM,HARRIS and WALZ,648
Oxford 2,2024,Presidential Electors,REP,TRUMP and VANCE,1055
Oxford 2,2024,Presidential Electors,LIB,OLIVER and TER MAAT,7
Oxford 2,2024,Presidential Electors,GNP,STEIN and WARE,13
Oxford 2,2024,United States Senator,DEM,ROBERT P CASEY JR,630
Oxford 2,2024,United States Senator,REP,DAVE MCCORMICK,1055
Oxford 2,2024,United States Senator,LIB,JOHN C THOMAS,13
Oxford 2,2024,United States Senator,GNP,LEILA HAZOU,20
Oxford 2,2024,United States Senator,CST,MARTY SELKER,5
Oxford 2,2024,Attorney General,DEM,EUGENE DEPASQUALE,564
Oxford 2,2024,Attorney General,REP,DAVE SUNDAY,1121
Oxford 2,2024,Attorney General,LIB,ROBERT COWBURN,11
Oxford 2,2024,Attorney General,GNP,RICHARD L WEISS,16
Oxford 2,2024,Attorney General,CST,JUSTIN L MAGILL,7
Oxford 2,2024,Attorney General,FWD,ERIC L SETTLE,3
Oxford 2,2024,Auditor General,DEM,MALCOLM KENYATTA,570
Oxford 2,2024,Auditor General,REP,TIM DEFOOR,1101
Oxford 2,2024,Auditor General,LIB,REECE SMITH,17
Oxford 2,2024,Auditor General,ASP,ERIC K ANTON,5
Oxford 2,2024,Auditor General,CST,BOB GOODRICH,16
Oxford 2,2024,State Treasurer,DEM,ERIN MCCLELLAND,526
Oxford 2,2024,State Treasurer,REP,STACY GARRITY,1134
Oxford 2,2024,State Treasurer,LIB,NICKOLAS CIESIELSKI,15
Oxford 2,2024,State Treasurer,CST,TROY BOWMAN,18
Oxford 2,2024,State Treasurer,FWD,CHRIS FOSTER,5
Oxford 2,2024,Representative in Congress,DEM,BETH FARNHAM,582
Oxford 2,2024,Representative in Congress,REP,JOHN JOYCE,1142
Oxford 2,2024,Senator in the General Assembly,DEM,CAMERON SCHROY,635
Oxford 2,2024,Senator in the General Assembly,REP,DOUG MASTRIANO,1073
Oxford 2,2024,Representative in the General Assembly 193rd District,REP,TORREN ECKER,1426
Reading 1,2024,Presidential Electors,DEM,HARRIS and WALZ,253
Reading 1,2024,Presidential Electors,REP,TRUMP and VANCE,827
Reading 1,2024,Presidential Electors,LIB,OLIVER and TER MAAT,12
Reading 1,2024,Presidential Electors,GNP,STEIN and WARE,2
Reading 1,2024,United States Senator,DEM,ROBERT P CASEY JR,267
Reading 1,2024,United States Senator,REP,DAVE MCCORMICK,782
Reading 1,2024,United States Senator,LIB,JOHN C THOMAS,29
Reading 1,2024,United States Senator,GNP,LEILA HAZOU,5
Reading 1,2024,United States Senator,CST,MARTY SELKER,2
Reading 1,2024,Attorney General,DEM,EUGENE DEPASQUALE,241
Reading 1,2024,Attorney General,REP,DAVE SUNDAY,808
Reading 1,2024,Attorney General,LIB,ROBERT COWBURN,18
Reading 1,2024,Attorney General,GNP,RICHARD L WEISS,4
Reading 1,2024,Attorney General,CST,JUSTIN L MAGILL,3
Reading 1,2024,Attorney General,FWD,ERIC L SETTLE,1
Reading 1,2024,Auditor General,DEM,MALCOLM KENYATTA,213
Reading 1,2024,Auditor General,REP,TIM DEFOOR,818
Reading 1,2024,Auditor General,LIB,REECE SMITH,26
Reading 1,2024,Auditor General,ASP,ERIC K ANTON,4
Reading 1,2024,Auditor General,CST,BOB GOODRICH,7
Reading 1,2024,State Treasurer,DEM,ERIN MCCLELLAND,214
Reading 1,2024,State Treasurer,REP,STACY GARRITY,829
Reading 1,2024,State Treasurer,LIB,NICKOLAS CIESIELSKI,20
Reading 1,2024,State Treasurer,CST,TROY BOWMAN,8
Reading 1,2024,State Treasurer,FWD,CHRIS FOSTER,1
Reading 1,2024,Representative in Congress,DEM,BETH FARNHAM,241
Reading 1,2024,Representative in Congress,REP,JOHN JOYCE,835
Reading 1,2024,Senator in the General Assembly,DEM,CAMERON SCHROY,258
Reading 1,2024,Senator in the General Assembly,REP,DOUG MASTRIANO,811
Reading 1,2024,Representative in the General Assembly 193rd District,REP,TORREN ECKER,921
Reading 2,2024,Presidential Electors,DEM,HARRIS and WALZ,316
Reading 2,2024,Presidential Electors,REP,TRUMP and VANCE,828
Reading 2,2024,Presidential Electors,LIB,OLIVER and TER MAAT,3
Reading 2,2024,Presidential Electors,GNP,STEIN and WARE,1
Reading 2,2024,United States Senator,DEM,ROBERT P CASEY JR,329
Reading 2,2024,United States Senator,REP,DAVE MCCORMICK,777
Reading 2,2024,United States Senator,LIB,JOHN C THOMAS,19
Reading 2,2024,United States Senator,GNP,LEILA HAZOU,10
Reading 2,2024,United States Senator,CST,MARTY SELKER,6
Reading 2,2024,Attorney General,DEM,EUGENE DEPASQUALE,300
Reading 2,2024,Attorney General,REP,DAVE SUNDAY,809
Reading 2,2024,Attorney General,LIB,ROBERT COWBURN,14
Reading 2,2024,Attorney General,GNP,RICHARD L WEISS,7
Reading 2,2024,Attorney General,CST,JUSTIN L MAGILL,5
Reading 2,2024,Attorney General,FWD,ERIC L SETTLE,6
Reading 2,2024,Auditor General,DEM,MALCOLM KENYATTA,278
Reading 2,2024,Auditor General,REP,TIM DEFOOR,814
Reading 2,2024,Auditor General,LIB,REECE SMITH,19
Reading 2,2024,Auditor General,ASP,ERIC K ANTON,7
Reading 2,2024,Auditor General,CST,BOB GOODRICH,12
Reading 2,2024,State Treasurer,DEM,ERIN MCCLELLAND,264
Reading 2,2024,State Treasurer,REP,STACY GARRITY,834
Reading 2,2024,State Treasurer,LIB,NICKOLAS CIESIELSKI,14
Reading 2,2024,State Treasurer,CST,TROY BOWMAN,10
Reading 2,2024,State Treasurer,FWD,CHRIS FOSTER,3
Reading 2,2024,Representative in Congress,DEM,BETH FARNHAM,290
Reading 2,2024,Representative in Congress,REP,JOHN JOYCE,843
Reading 2,2024,Senator in the General Assembly,DEM,CAMERON SCHROY,320
Reading 2,2024,Senator in the General Assembly,REP,DOUG MASTRIANO,802
Reading 2,2024,Representative in the General Assembly 193rd District,REP,TORREN ECKER,992
Reading 3,2024,Presidential Electors,DEM,HARRIS and WALZ,410
Reading 3,2024,Presidential Electors,REP,TRUMP and VANCE,861
Reading 3,2024,Presidential Electors,LIB,OLIVER and TER MAAT,7
Reading 3,2024,Presidential Electors,GNP,STEIN and WARE,4
Reading 3,2024,United States Senator,DEM,ROBERT P CASEY JR,419
Reading 3,2024,United States Senator,REP,DAVE MCCORMICK,836
Reading 3,2024,United States Senator,LIB,JOHN C THOMAS,19
Reading 3,2024,United States Senator,GNP,LEILA HAZOU,5
Reading 3,2024,United States Senator,CST,MARTY SELKER,2
Reading 3,2024,Attorney General,DEM,EUGENE DEPASQUALE,385
Reading 3,2024,Attorney General,REP,DAVE SUNDAY,848
Reading 3,2024,Attorney General,LIB,ROBERT COWBURN,29
Reading 3,2024,Attorney General,GNP,RICHARD L WEISS,7
Reading 3,2024,Attorney General,CST,JUSTIN L MAGILL,5
Reading 3,2024,Attorney General,FWD,ERIC L SETTLE,1
Reading 3,2024,Auditor General,DEM,MALCOLM KENYATTA,367
Reading 3,2024,Auditor General,REP,TIM DEFOOR,845
Reading 3,2024,Auditor General,LIB,REECE SMITH,43
Reading 3,2024,Auditor General,ASP,ERIC K ANTON,2
Reading 3,2024,Auditor General,CST,BOB GOODRICH,7
Reading 3,2024,State Treasurer,DEM,ERIN MCCLELLAND,347
Reading 3,2024,State Treasurer,REP,STACY GARRITY,873
Reading 3,2024,State Treasurer,LIB,NICKOLAS CIESIELSKI,30
Reading 3,2024,State Treasurer,CST,TROY BOWMAN,6
Reading 3,2024,State Treasurer,FWD,CHRIS FOSTER,2
Reading 3,2024,Representative in Congress,DEM,BETH FARNHAM,398
Reading 3,2024,Representative in Congress,REP,JOHN JOYCE,872
Reading 3,2024,Senator in the General Assembly,DEM,CAMERON SCHROY,417
Reading 3,2024,Senator in the General Assembly,REP,DOUG MASTRIANO,853
Reading 3,2024,Representative in the General Assembly 193rd District,REP,TORREN ECKER,1044
Straban 1,2024,Presidential Electors,DEM,HARRIS and WALZ,644
Straban 1,2024,Presidential Electors,REP,TRUMP and VANCE,778
Straban 1,2024,Presidential Electors,LIB,OLIVER and TER MAAT,9
Straban 1,2024,Presidential Electors,GNP,STEIN and WARE,6
Straban 1,2024,United States Senator,DEM,ROBERT P CASEY JR,625
Straban 1,2024,United States Senator,REP,DAVE MCCORMICK,754
Straban 1,2024,United States Senator,LIB,JOHN C THOMAS,19
Straban 1,2024,United States Senator,GNP,LEILA HAZOU,14
Straban 1,2024,United States Senator,CST,MARTY SELKER,8
Straban 1,2024,Attorney General,DEM,EUGENE DEPASQUALE,580
Straban 1,2024,Attorney General,REP,DAVE SUNDAY,781
Straban 1,2024,Attorney General,LIB,ROBERT COWBURN,18
Straban 1,2024,Attorney General,GNP,RICHARD L WEISS,13
Straban 1,2024,Attorney General,CST,JUSTIN L MAGILL,9
Straban 1,2024,Attorney General,FWD,ERIC L SETTLE,5
Straban 1,2024,Auditor General,DEM,MALCOLM KENYATTA,550
Straban 1,2024,Auditor General,REP,TIM DEFOOR,791
Straban 1,2024,Auditor General,LIB,REECE SMITH,31
Straban 1,2024,Auditor General,ASP,ERIC K ANTON,4
Straban 1,2024,Auditor General,CST,BOB GOODRICH,14
Straban 1,2024,State Treasurer,DEM,ERIN MCCLELLAND,526
Straban 1,2024,State Treasurer,REP,STACY GARRITY,822
Straban 1,2024,State Treasurer,LIB,NICKOLAS CIESIELSKI,28
Straban 1,2024,State Treasurer,CST,TROY BOWMAN,7
Straban 1,2024,State Treasurer,FWD,CHRIS FOSTER,8
Straban 1,2024,Representative in Congress,DEM,BETH FARNHAM,587
Straban 1,2024,Representative in Congress,REP,JOHN JOYCE,824
Straban 1,2024,Senator in the General Assembly,DEM,CAMERON SCHROY,632
Straban 1,2024,Senator in the General Assembly,REP,DOUG MASTRIANO,769
Straban 1,2024,Representative in the General Assembly 91st District,REP,DAN MOUL,1004
Straban 2,2024,Presidential Electors,DEM,HARRIS and WALZ,736
Straban 2,2024,Presidential Electors,REP,TRUMP and VANCE,1186
Straban 2,2024,Presidential Electors,LIB,OLIVER and TER MAAT,10
Straban 2,2024,Presidential Electors,GNP,STEIN and WARE,8
Straban 2,2024,United States Senator,DEM,ROBERT P CASEY JR,746
Straban 2,2024,United States Senator,REP,DAVE MCCORMICK,1142
Straban 2,2024,United States Senator,LIB,JOHN C THOMAS,21
Straban 2,2024,United States Senator,GNP,LEILA HAZOU,10
Straban 2,2024,United States Senator,CST,MARTY SELKER,10
Straban 2,2024,Attorney General,DEM,EUGENE DEPASQUALE,690
Straban 2,2024,Attorney General,REP,DAVE SUNDAY,1186
Straban 2,2024,Attorney General,LIB,ROBERT COWBURN,18
Straban 2,2024,Attorney General,GNP,RICHARD L WEISS,9
Straban 2,2024,Attorney General,CST,JUSTIN L MAGILL,11
Straban 2,2024,Attorney General,FWD,ERIC L SETTLE,4
Straban 2,2024,Auditor General,DEM,MALCOLM KENYATTA,642
Straban 2,2024,Auditor General,REP,TIM DEFOOR,1207
Straban 2,2024,Auditor General,LIB,REECE SMITH,32
Straban 2,2024,Auditor General,CST,BOB GOODRICH,19
Straban 2,2024,State Treasurer,DEM,ERIN MCCLELLAND,647
Straban 2,2024,State Treasurer,REP,STACY GARRITY,1208
Straban 2,2024,State Treasurer,LIB,NICKOLAS CIESIELSKI,22
Straban 2,2024,State Treasurer,CST,TROY BOWMAN,8
Straban 2,2024,State Treasurer,FWD,CHRIS FOSTER,6
Straban 2,2024,Representative in Congress,DEM,BETH FARNHAM,701
Straban 2,2024,Representative in Congress,REP,JOHN JOYCE,1204
Straban 2,2024,Senator in the General Assembly,DEM,CAMERON SCHROY,725
Straban 2,2024,Senator in the General Assembly,REP,DOUG MASTRIANO,1173
Straban 2,2024,Representative in the General Assembly 91st District,REP,DAN MOUL,1436
Tyrone,2024,Presidential Electors,DEM,HARRIS and WALZ,285
Tyrone,2024,Presidential Electors,REP,TRUMP and VANCE,861
Tyrone,2024,Presidential Electors,LIB,OLIVER and TER MAAT,10
Tyrone,2024,Presidential Electors,GNP,STEIN and WARE,3
Tyrone,2024,United States Senator,DEM,ROBERT P CASEY JR,293
Tyrone,2024,United States Senator,REP,DAVE MCCORMICK,816
Tyrone,2024,United States Senator,LIB,JOHN C THOMAS,25
Tyrone,2024,United States Senator,GNP,LEILA HAZOU,10
Tyrone,2024,United States Senator,CST,MARTY SELKER,7
Tyrone,2024,Attorney General,DEM,EUGENE DEPASQUALE,282
Tyrone,2024,Attorney General,REP,DAVE SUNDAY,830
Tyrone,2024,Attorney General,LIB,ROBERT COWBURN,23
Tyrone,2024,Attorney General,GNP,RICHARD L WEISS,5
Tyrone,2024,Attorney General,CST,JUSTIN L MAGILL,3
Tyrone,2024,Attorney General,FWD,ERIC L SETTLE,4
Tyrone,2024,Auditor General,DEM,MALCOLM KENYATTA,255
Tyrone,2024,Auditor General,REP,TIM DEFOOR,830
Tyrone,2024,Auditor General,LIB,REECE SMITH,34
Tyrone,2024,Auditor General,ASP,ERIC K ANTON,4
Tyrone,2024,Auditor General,CST,BOB GOODRICH,14
Tyrone,2024,State Treasurer,DEM,ERIN MCCLELLAND,244
Tyrone,2024,State Treasurer,REP,STACY GARRITY,859
Tyrone,2024,State Treasurer,LIB,NICKOLAS CIESIELSKI,23
Tyrone,2024,State Treasurer,CST,TROY BOWMAN,9
Tyrone,2024,State Treasurer,FWD,CHRIS FOSTER,4
Tyrone,2024,Representative in Congress,DEM,BETH FARNHAM,280
Tyrone,2024,Representative in Congress,REP,JOHN JOYCE,870
Tyrone,2024,Senator in the General Assembly,DEM,CAMERON SCHROY,302
Tyrone,2024,Senator in the General Assembly,REP,DOUG MASTRIANO,839
Tyrone,2024,Representative in the General Assembly 193rd District,REP,TORREN ECKER,979
Union,2024,Presidential Electors,DEM,HARRIS and WALZ,459
Union,2024,Presidential Electors,REP,TRUMP and VANCE,1460
Union,2024,Presidential Electors,LIB,OLIVER and TER MAAT,10
Union,2024,Presidential Electors,GNP,STEIN and WARE,5
Union,2024,United States Senator,DEM,ROBERT P CASEY JR,468
Union,2024,United States Senator,REP,DAVE MCCORMICK,1399
Union,2024,United States Senator,LIB,JOHN C THOMAS,38
Union,2024,United States Senator,GNP,LEILA HAZOU,7
Union,2024,United States Senator,CST,MARTY SELKER,6
Union,2024,Attorney General,DEM,EUGENE DEPASQUALE,418
Union,2024,Attorney General,REP,DAVE SUNDAY,1433
Union,2024,Attorney General,LIB,ROBERT COWBURN,27
Union,2024,Attorney General,GNP,RICHARD L WEISS,11
Union,2024,Attorney General,CST,JUSTIN L MAGILL,8
Union,2024,Attorney General,FWD,ERIC L SETTLE,6
Union,2024,Auditor General,DEM,MALCOLM KENYATTA,403
Union,2024,Auditor General,REP,TIM DEFOOR,1420
Union,2024,Auditor General,LIB,REECE SMITH,41
Union,2024,Auditor General,ASP,ERIC K ANTON,1
Union,2024,Auditor General,CST,BOB GOODRICH,19
Union,2024,State Treasurer,DEM,ERIN MCCLELLAND,382
Union,2024,State Treasurer,REP,STACY GARRITY,1439
Union,2024,State Treasurer,LIB,NICKOLAS CIESIELSKI,31
Union,2024,State Treasurer,CST,TROY BOWMAN,12
Union,2024,State Treasurer,FWD,CHRIS FOSTER,5
Union,2024,Representative in Congress,DEM,BETH FARNHAM,420
Union,2024,Representative in Congress,REP,JOHN JOYCE,1482
Union,2024,Senator in the General Assembly,DEM,CAMERON SCHROY,452
Union,2024,Senator in the General Assembly,REP,DOUG MASTRIANO,1438
Union,2024,Representative in the General Assembly 91st District,REP,DAN MOUL,1643
York Springs,2024,Presidential Electors,DEM,HARRIS and WALZ,92
York Springs,2024,Presidential Electors,REP,TRUMP and VANCE,127
York Springs,2024,Presidential Electors,LIB,OLIVER and TER MAAT,2
York Springs,2024,United States Senator,DEM,ROBERT P CASEY JR,87
York Springs,2024,United States Senator,REP,DAVE MCCORMICK,120
York Springs,2024,United States Senator,LIB,JOHN C THOMAS,12
York Springs,2024,United States Senator,GNP,LEILA HAZOU,1
York Springs,2024,Attorney General,DEM,EUGENE DEPASQUALE,87
York Springs,2024,Attorney General,REP,DAVE SUNDAY,116
York Springs,2024,Attorney General,LIB,ROBERT COWBURN,8
York Springs,2024,Attorney General,GNP,RICHARD L WEISS,1
York Springs,2024,Attorney General,CST,JUSTIN L MAGILL,5
York Springs,2024,Attorney General,FWD,ERIC L SETTLE,1
York Springs,2024,Auditor General,DEM,MALCOLM KENYATTA,85
York Springs,2024,Auditor General,REP,TIM DEFOOR,115
York Springs,2024,Auditor General,LIB,REECE SMITH,8
York Springs,2024,Auditor General,ASP,ERIC K ANTON,2
York Springs,2024,Auditor General,CST,BOB GOODRICH,7
York Springs,2024,State Treasurer,DEM,ERIN MCCLELLAND,85
York Springs,2024,State Treasurer,REP,STACY GARRITY,119
York Springs,2024,State Treasurer,LIB,NICKOLAS CIESIELSKI,7
York Springs,2024,State Treasurer,CST,TROY BOWMAN,4
York Springs,2024,State Treasurer,FWD,CHRIS FOSTER,1
York Springs,2024,Representative in Congress,DEM,BETH FARNHAM,86
York Springs,2024,Representative in Congress,REP,JOHN JOYCE,129
York Springs,2024,Senator in the General Assembly,DEM,CAMERON SCHROY,89
York Springs,2024,Senator in the General Assembly,REP,DOUG MASTRIANO,126
York Springs,2024,Representative in the General Assembly 193rd District,REP,TORREN ECKER,170
